image_file,image_id,image_size,class,embedding_file,embedding_method,embedding_dimension,time_delay,ordinal_pattern,ordinal_probability
./img/128/aluminium_foil/00001.png,1,"(128, 128)",aluminium_foil,./emb/128/hilbert\aluminium_foil\00001.npy,hilbert,3,1,012 021 102 120 201 210 ,[0.34263216 0.10890001 0.10255158 0.11988768 0.11347821 0.21255036]
./img/128/aluminium_foil/00002.png,2,"(128, 128)",aluminium_foil,./emb/128/hilbert\aluminium_foil\00002.npy,hilbert,3,1,012 021 102 120 201 210 ,[0.31327066 0.11244048 0.10932731 0.12318398 0.12013185 0.22164571]
./img/128/aluminium_foil/00003.png,3,"(128, 128)",aluminium_foil,./emb/128/hilbert\aluminium_foil\00003.npy,hilbert,3,1,012 021 102 120 201 210 ,[0.33634477 0.10712978 0.10890001 0.11683555 0.11860579 0.2121841 ]
./img/128/aluminium_foil/00004.png,4,"(128, 128)",aluminium_foil,./emb/128/hilbert\aluminium_foil\00004.npy,hilbert,3,1,012 021 102 120 201 210 ,[0.28165059 0.12825052 0.12171896 0.14052008 0.13398852 0.19387132]
./img/128/aluminium_foil/00005.png,5,"(128, 128)",aluminium_foil,./emb/128/hilbert\aluminium_foil\00005.npy,hilbert,3,1,012 021 102 120 201 210 ,[0.26596264 0.13075327 0.12916616 0.14222928 0.14058113 0.19130753]
./img/128/aluminium_foil/00006.png,6,"(128, 128)",aluminium_foil,./emb/128/hilbert\aluminium_foil\00006.npy,hilbert,3,1,012 021 102 120 201 210 ,[0.25399829 0.13185203 0.1329508  0.13649127 0.137529   0.20717861]
./img/128/aluminium_foil/00007.png,7,"(128, 128)",aluminium_foil,./emb/128/hilbert\aluminium_foil\00007.npy,hilbert,3,1,012 021 102 120 201 210 ,[0.32059578 0.11360029 0.10627518 0.11994872 0.11262361 0.22695642]
./img/128/aluminium_foil/00008.png,8,"(128, 128)",aluminium_foil,./emb/128/hilbert\aluminium_foil\00008.npy,hilbert,3,1,012 021 102 120 201 210 ,[0.31351483 0.1077402  0.10658039 0.12202417 0.12086436 0.22927603]
./img/128/aluminium_foil/00009.png,9,"(128, 128)",aluminium_foil,./emb/128/hilbert\aluminium_foil\00009.npy,hilbert,3,1,012 021 102 120 201 210 ,[0.30918081 0.11579783 0.11360029 0.12452692 0.12239043 0.21450372]
./img/128/aluminium_foil/00010.png,10,"(128, 128)",aluminium_foil,./emb/128/hilbert\aluminium_foil\00010.npy,hilbert,3,1,012 021 102 120 201 210 ,[0.27939202 0.12525943 0.12336711 0.13679648 0.13490416 0.2002808 ]
./img/128/aluminium_foil/00011.png,11,"(128, 128)",aluminium_foil,./emb/128/hilbert\aluminium_foil\00011.npy,hilbert,3,1,012 021 102 120 201 210 ,[0.26803809 0.12672445 0.12696862 0.13801734 0.13832255 0.20192895]
./img/128/aluminium_foil/00012.png,12,"(128, 128)",aluminium_foil,./emb/128/hilbert\aluminium_foil\00012.npy,hilbert,3,1,012 021 102 120 201 210 ,[0.26889269 0.12702967 0.12629716 0.13874985 0.13807838 0.20095226]
./img/128/aluminium_foil/00013.png,13,"(128, 128)",aluminium_foil,./emb/128/hilbert\aluminium_foil\00013.npy,hilbert,3,1,012 021 102 120 201 210 ,[0.2514345  0.13404957 0.1325235  0.13990966 0.13844463 0.20363814]
./img/128/aluminium_foil/00014.png,14,"(128, 128)",aluminium_foil,./emb/128/hilbert\aluminium_foil\00014.npy,hilbert,3,1,012 021 102 120 201 210 ,[0.24966427 0.13343914 0.13404957 0.13899402 0.13966549 0.20418752]
./img/128/aluminium_foil/00015.png,15,"(128, 128)",aluminium_foil,./emb/128/hilbert\aluminium_foil\00015.npy,hilbert,3,1,012 021 102 120 201 210 ,[0.25173971 0.13527042 0.13282871 0.13820046 0.13575876 0.20620193]
./img/128/aluminium_foil/00016.png,16,"(128, 128)",aluminium_foil,./emb/128/hilbert\aluminium_foil\00016.npy,hilbert,3,1,012 021 102 120 201 210 ,[0.26150653 0.13014284 0.12776218 0.13496521 0.1325235  0.21309974]
./img/128/aluminium_foil/00017.png,17,"(128, 128)",aluminium_foil,./emb/128/hilbert\aluminium_foil\00017.npy,hilbert,3,1,012 021 102 120 201 210 ,[0.27926993 0.12898303 0.12239043 0.13465999 0.12812843 0.20656818]
./img/128/aluminium_foil/00018.png,18,"(128, 128)",aluminium_foil,./emb/128/hilbert\aluminium_foil\00018.npy,hilbert,3,1,012 021 102 120 201 210 ,[0.26297155 0.12953241 0.12757905 0.13655231 0.13465999 0.20870468]
./img/128/aluminium_foil/00019.png,19,"(128, 128)",aluminium_foil,./emb/128/hilbert\aluminium_foil\00019.npy,hilbert,3,1,012 021 102 120 201 210 ,[0.26095715 0.1305091  0.13343914 0.13789525 0.1408253  0.19637407]
./img/128/aluminium_foil/00020.png,20,"(128, 128)",aluminium_foil,./emb/128/hilbert\aluminium_foil\00020.npy,hilbert,3,1,012 021 102 120 201 210 ,[0.24734465 0.1358198  0.13350018 0.14131364 0.13899402 0.20302771]
./img/128/aluminium_foil/00021.png,21,"(128, 128)",aluminium_foil,./emb/128/hilbert\aluminium_foil\00021.npy,hilbert,3,1,012 021 102 120 201 210 ,[0.25112929 0.1300818  0.13069222 0.14198511 0.14265657 0.20345501]
./img/128/aluminium_foil/00022.png,22,"(128, 128)",aluminium_foil,./emb/128/hilbert\aluminium_foil\00022.npy,hilbert,3,1,012 021 102 120 201 210 ,[0.24423147 0.13716274 0.13496521 0.14222928 0.1399707  0.20144061]
./img/128/aluminium_foil/00023.png,23,"(128, 128)",aluminium_foil,./emb/128/hilbert\aluminium_foil\00023.npy,hilbert,3,1,012 021 102 120 201 210 ,[0.24020266 0.13771212 0.13502625 0.14375534 0.14106947 0.20223416]
./img/128/aluminium_foil/00024.png,24,"(128, 128)",aluminium_foil,./emb/128/hilbert\aluminium_foil\00024.npy,hilbert,3,1,012 021 102 120 201 210 ,[0.23562447 0.13966549 0.13441582 0.14528141 0.1399707  0.20504212]
./img/128/aluminium_foil/00025.png,25,"(128, 128)",aluminium_foil,./emb/128/hilbert\aluminium_foil\00025.npy,hilbert,3,1,012 021 102 120 201 210 ,[0.25399829 0.12995971 0.13246246 0.13850568 0.14094738 0.20412648]
./img/128/aluminium_foil/00026.png,26,"(128, 128)",aluminium_foil,./emb/128/hilbert\aluminium_foil\00026.npy,hilbert,3,1,012 021 102 120 201 210 ,[0.24777194 0.13734587 0.13386644 0.14094738 0.13746795 0.20260042]
./img/128/aluminium_foil/00027.png,27,"(128, 128)",aluminium_foil,./emb/128/hilbert\aluminium_foil\00027.npy,hilbert,3,1,012 021 102 120 201 210 ,[0.25003052 0.13453791 0.12977658 0.14515932 0.140398   0.20009767]
./img/128/aluminium_foil/00028.png,28,"(128, 128)",aluminium_foil,./emb/128/hilbert\aluminium_foil\00028.npy,hilbert,3,1,012 021 102 120 201 210 ,[0.24661214 0.13771212 0.13697961 0.1424124  0.14161885 0.19466488]
./img/128/aluminium_foil/00029.png,29,"(128, 128)",aluminium_foil,./emb/128/hilbert\aluminium_foil\00029.npy,hilbert,3,1,012 021 102 120 201 210 ,[0.24929801 0.13691857 0.13288976 0.14332804 0.13929923 0.19826639]
./img/128/aluminium_foil/00030.png,30,"(128, 128)",aluminium_foil,./emb/128/hilbert\aluminium_foil\00030.npy,hilbert,3,1,012 021 102 120 201 210 ,[0.24520816 0.13435478 0.13557563 0.14058113 0.14180198 0.20247833]
./img/128/aluminium_foil/00031.png,31,"(128, 128)",aluminium_foil,./emb/128/hilbert\aluminium_foil\00031.npy,hilbert,3,1,012 021 102 120 201 210 ,[0.23989745 0.13551459 0.13978757 0.1395434  0.14381638 0.20144061]
./img/128/aluminium_foil/00032.png,32,"(128, 128)",aluminium_foil,./emb/128/hilbert\aluminium_foil\00032.npy,hilbert,3,1,012 021 102 120 201 210 ,[0.23910389 0.13728482 0.13630814 0.14302283 0.14204615 0.20223416]
./img/128/aluminium_foil/00033.png,33,"(128, 128)",aluminium_foil,./emb/128/hilbert\aluminium_foil\00033.npy,hilbert,3,1,012 021 102 120 201 210 ,[0.23397632 0.13984861 0.13618606 0.14375534 0.14015383 0.20607984]
./img/128/aluminium_foil/00034.png,34,"(128, 128)",aluminium_foil,./emb/128/hilbert\aluminium_foil\00034.npy,hilbert,3,1,012 021 102 120 201 210 ,[0.24258332 0.13716274 0.1338054  0.14277866 0.13948236 0.20418752]
./img/128/aluminium_foil/00035.png,35,"(128, 128)",aluminium_foil,./emb/128/hilbert\aluminium_foil\00035.npy,hilbert,3,1,012 021 102 120 201 210 ,[0.23513613 0.13740691 0.13771212 0.14418264 0.14442681 0.20113539]
./img/128/aluminium_foil/00036.png,36,"(128, 128)",aluminium_foil,./emb/128/hilbert\aluminium_foil\00036.npy,hilbert,3,1,012 021 102 120 201 210 ,[0.24563545 0.13490416 0.13472104 0.14186302 0.14161885 0.20125748]
./img/128/aluminium_foil/00037.png,37,"(128, 128)",aluminium_foil,./emb/128/hilbert\aluminium_foil\00037.npy,hilbert,3,1,012 021 102 120 201 210 ,[0.22970333 0.14210719 0.13942132 0.14644122 0.1436943  0.19863265]
./img/128/aluminium_foil/00038.png,38,"(128, 128)",aluminium_foil,./emb/128/hilbert\aluminium_foil\00038.npy,hilbert,3,1,012 021 102 120 201 210 ,[0.2365401  0.13874985 0.13600293 0.146136   0.14338909 0.19918203]
./img/128/aluminium_foil/00039.png,39,"(128, 128)",aluminium_foil,./emb/128/hilbert\aluminium_foil\00039.npy,hilbert,3,1,012 021 102 120 201 210 ,[0.24185081 0.13325601 0.13404957 0.14100842 0.14186302 0.20797216]
./img/128/aluminium_foil/00040.png,40,"(128, 128)",aluminium_foil,./emb/128/hilbert\aluminium_foil\00040.npy,hilbert,3,1,012 021 102 120 201 210 ,[0.24343792 0.13520938 0.13124161 0.14808937 0.14418264 0.19783909]
./img/128/aluminium_foil/00041.png,41,"(128, 128)",aluminium_foil,./emb/128/hilbert\aluminium_foil\00041.npy,hilbert,3,1,012 021 102 120 201 210 ,[0.22933708 0.14100842 0.1408253  0.14058113 0.140398   0.20785008]
./img/128/aluminium_foil/00042.png,42,"(128, 128)",aluminium_foil,./emb/128/hilbert\aluminium_foil\00042.npy,hilbert,3,1,012 021 102 120 201 210 ,[0.2386766  0.13588084 0.14009278 0.14021487 0.14442681 0.20070809]
./img/128/aluminium_foil/00043.png,43,"(128, 128)",aluminium_foil,./emb/128/hilbert\aluminium_foil\00043.npy,hilbert,3,1,012 021 102 120 201 210 ,[0.23776096 0.137529   0.13844463 0.14021487 0.14113051 0.20492003]
./img/128/aluminium_foil/00044.png,44,"(128, 128)",aluminium_foil,./emb/128/hilbert\aluminium_foil\00044.npy,hilbert,3,1,012 021 102 120 201 210 ,[0.24050787 0.13960444 0.13697961 0.14644122 0.14375534 0.19271151]
./img/128/aluminium_foil/00045.png,45,"(128, 128)",aluminium_foil,./emb/128/hilbert\aluminium_foil\00045.npy,hilbert,3,1,012 021 102 120 201 210 ,[0.23727262 0.13588084 0.13478208 0.1441216  0.14296179 0.20498108]
./img/128/aluminium_foil/00046.png,46,"(128, 128)",aluminium_foil,./emb/128/hilbert\aluminium_foil\00046.npy,hilbert,3,1,012 021 102 120 201 210 ,[0.22543035 0.14174094 0.13936027 0.14839458 0.14601392 0.19905994]
./img/128/aluminium_foil/00047.png,47,"(128, 128)",aluminium_foil,./emb/128/hilbert\aluminium_foil\00047.npy,hilbert,3,1,012 021 102 120 201 210 ,[0.23605176 0.14119155 0.13820046 0.14229032 0.13929923 0.20296667]
./img/128/aluminium_foil/00048.png,48,"(128, 128)",aluminium_foil,./emb/128/hilbert\aluminium_foil\00048.npy,hilbert,3,1,012 021 102 120 201 210 ,[0.24056892 0.13820046 0.13630814 0.14271762 0.1408253  0.20137956]
./img/128/aluminium_foil/00049.png,49,"(128, 128)",aluminium_foil,./emb/128/hilbert\aluminium_foil\00049.npy,hilbert,3,1,012 021 102 120 201 210 ,[0.24221707 0.13691857 0.13258454 0.14399951 0.13972653 0.20455378]
./img/128/aluminium_foil/00050.png,50,"(128, 128)",aluminium_foil,./emb/128/hilbert\aluminium_foil\00050.npy,hilbert,3,1,012 021 102 120 201 210 ,[0.23049689 0.13734587 0.13960444 0.1386888  0.14094738 0.21291662]
./img/128/aluminium_foil/00051.png,51,"(128, 128)",aluminium_foil,./emb/128/hilbert\aluminium_foil\00051.npy,hilbert,3,1,012 021 102 120 201 210 ,[0.24221707 0.13472104 0.13435478 0.140398   0.14003174 0.20827738]
./img/128/aluminium_foil/00052.png,52,"(128, 128)",aluminium_foil,./emb/128/hilbert\aluminium_foil\00052.npy,hilbert,3,1,012 021 102 120 201 210 ,[0.22842144 0.13905506 0.13899402 0.14528141 0.14522036 0.20302771]
./img/128/aluminium_foil/00053.png,53,"(128, 128)",aluminium_foil,./emb/128/hilbert\aluminium_foil\00053.npy,hilbert,3,1,012 021 102 120 201 210 ,[0.22475888 0.14345013 0.14143572 0.14631913 0.14424368 0.19979246]
./img/128/aluminium_foil/00054.png,54,"(128, 128)",aluminium_foil,./emb/128/hilbert\aluminium_foil\00054.npy,hilbert,3,1,012 021 102 120 201 210 ,[0.2312294  0.14113051 0.14070321 0.14070321 0.14027591 0.20595776]
./img/128/aluminium_foil/00055.png,55,"(128, 128)",aluminium_foil,./emb/128/hilbert\aluminium_foil\00055.npy,hilbert,3,1,012 021 102 120 201 210 ,[0.22030277 0.14229032 0.1408253  0.15010377 0.14857771 0.19790013]
./img/128/aluminium_foil/00056.png,56,"(128, 128)",aluminium_foil,./emb/128/hilbert\aluminium_foil\00056.npy,hilbert,3,1,012 021 102 120 201 210 ,[0.23275546 0.14058113 0.13783421 0.1428397  0.14009278 0.20589672]
./img/128/aluminium_foil/00057.png,57,"(128, 128)",aluminium_foil,./emb/128/hilbert\aluminium_foil\00057.npy,hilbert,3,1,012 021 102 120 201 210 ,[0.23904285 0.13514833 0.13319497 0.14436577 0.14247345 0.20577463]
./img/128/aluminium_foil/00058.png,58,"(128, 128)",aluminium_foil,./emb/128/hilbert\aluminium_foil\00058.npy,hilbert,3,1,012 021 102 120 201 210 ,[0.22701746 0.14137468 0.13862776 0.14522036 0.14247345 0.20528629]
./img/128/aluminium_foil/00059.png,59,"(128, 128)",aluminium_foil,./emb/128/hilbert\aluminium_foil\00059.npy,hilbert,3,1,012 021 102 120 201 210 ,[0.23257234 0.14259553 0.137529   0.14576975 0.14076425 0.20076914]
./img/128/aluminium_foil/00060.png,60,"(128, 128)",aluminium_foil,./emb/128/hilbert\aluminium_foil\00060.npy,hilbert,3,1,012 021 102 120 201 210 ,[0.23293859 0.1391161  0.13795629 0.14393847 0.14271762 0.20333293]
./img/128/aluminium_foil/00061.png,61,"(128, 128)",aluminium_foil,./emb/128/hilbert\aluminium_foil\00061.npy,hilbert,3,1,012 021 102 120 201 210 ,[0.22384324 0.14027591 0.14351117 0.14247345 0.1457087  0.20418752]
./img/128/aluminium_foil/00062.png,62,"(128, 128)",aluminium_foil,./emb/128/hilbert\aluminium_foil\00062.npy,hilbert,3,1,012 021 102 120 201 210 ,[0.22616286 0.14302283 0.14247345 0.14735686 0.14674643 0.19423758]
./img/128/aluminium_foil/00063.png,63,"(128, 128)",aluminium_foil,./emb/128/hilbert\aluminium_foil\00063.npy,hilbert,3,1,012 021 102 120 201 210 ,[0.23769991 0.13789525 0.13398852 0.14094738 0.13704065 0.21242827]
./img/128/aluminium_foil/00064.png,64,"(128, 128)",aluminium_foil,./emb/128/hilbert\aluminium_foil\00064.npy,hilbert,3,1,012 021 102 120 201 210 ,[0.20833842 0.14760103 0.15016482 0.14747894 0.15004273 0.19637407]
./img/128/aluminium_foil/00065.png,65,"(128, 128)",aluminium_foil,./emb/128/hilbert\aluminium_foil\00065.npy,hilbert,3,1,012 021 102 120 201 210 ,[0.22481992 0.14161885 0.14210719 0.14381638 0.14430472 0.20333293]
./img/128/aluminium_foil/00066.png,66,"(128, 128)",aluminium_foil,./emb/128/hilbert\aluminium_foil\00066.npy,hilbert,3,1,012 021 102 120 201 210 ,[0.23000855 0.13850568 0.13874985 0.1428397  0.14308387 0.20681236]
./img/128/aluminium_foil/00067.png,67,"(128, 128)",aluminium_foil,./emb/128/hilbert\aluminium_foil\00067.npy,hilbert,3,1,012 021 102 120 201 210 ,[0.22182884 0.14607496 0.14094738 0.1465633  0.14137468 0.20321084]
./img/128/aluminium_foil/00068.png,68,"(128, 128)",aluminium_foil,./emb/128/hilbert\aluminium_foil\00068.npy,hilbert,3,1,012 021 102 120 201 210 ,[0.22481992 0.14204615 0.13929923 0.14760103 0.14485411 0.20137956]
./img/128/aluminium_foil/00069.png,69,"(128, 128)",aluminium_foil,./emb/128/hilbert\aluminium_foil\00069.npy,hilbert,3,1,012 021 102 120 201 210 ,[0.22597973 0.14314492 0.1424124  0.14259553 0.14180198 0.20406544]
./img/128/aluminium_foil/00070.png,70,"(128, 128)",aluminium_foil,./emb/128/hilbert\aluminium_foil\00070.npy,hilbert,3,1,012 021 102 120 201 210 ,[0.21944817 0.14381638 0.14235136 0.14619705 0.14479307 0.20339397]
./img/128/aluminium_foil/00071.png,71,"(128, 128)",aluminium_foil,./emb/128/hilbert\aluminium_foil\00071.npy,hilbert,3,1,012 021 102 120 201 210 ,[0.20955927 0.14876084 0.14967647 0.14900501 0.14992064 0.19307777]
./img/128/aluminium_foil/00072.png,72,"(128, 128)",aluminium_foil,./emb/128/hilbert\aluminium_foil\00072.npy,hilbert,3,1,012 021 102 120 201 210 ,[0.22158467 0.14271762 0.14064217 0.14186302 0.13984861 0.21334391]
./img/128/aluminium_foil/00073.png,73,"(128, 128)",aluminium_foil,./emb/128/hilbert\aluminium_foil\00073.npy,hilbert,3,1,012 021 102 120 201 210 ,[0.2073007  0.14961543 0.15108045 0.14760103 0.14912709 0.1952753 ]
./img/128/aluminium_foil/00074.png,74,"(128, 128)",aluminium_foil,./emb/128/hilbert\aluminium_foil\00074.npy,hilbert,3,1,012 021 102 120 201 210 ,[0.22219509 0.14021487 0.14119155 0.14650226 0.1474179  0.20247833]
./img/128/aluminium_foil/00075.png,75,"(128, 128)",aluminium_foil,./emb/128/hilbert\aluminium_foil\00075.npy,hilbert,3,1,012 021 102 120 201 210 ,[0.22018069 0.14345013 0.14393847 0.14277866 0.14320596 0.2064461 ]
./img/128/aluminium_foil/00076.png,76,"(128, 128)",aluminium_foil,./emb/128/hilbert\aluminium_foil\00076.npy,hilbert,3,1,012 021 102 120 201 210 ,[0.21548041 0.14479307 0.14460994 0.14564766 0.14552558 0.20394335]
./img/128/aluminium_foil/00077.png,77,"(128, 128)",aluminium_foil,./emb/128/hilbert\aluminium_foil\00077.npy,hilbert,3,1,012 021 102 120 201 210 ,[0.2237822  0.14198511 0.14058113 0.14802832 0.14668539 0.19893786]
./img/128/aluminium_foil/00078.png,78,"(128, 128)",aluminium_foil,./emb/128/hilbert\aluminium_foil\00078.npy,hilbert,3,1,012 021 102 120 201 210 ,[0.22457575 0.14467098 0.13722378 0.14705164 0.13960444 0.2068734 ]
./img/128/aluminium_foil/00079.png,79,"(128, 128)",aluminium_foil,./emb/128/hilbert\aluminium_foil\00079.npy,hilbert,3,1,012 021 102 120 201 210 ,[0.21767794 0.14277866 0.14167989 0.14973752 0.14857771 0.19954828]
./img/128/aluminium_foil/00080.png,80,"(128, 128)",aluminium_foil,./emb/128/hilbert\aluminium_foil\00080.npy,hilbert,3,1,012 021 102 120 201 210 ,[0.20284459 0.14827249 0.15278965 0.14882188 0.15340007 0.19387132]
./img/128/aluminium_foil/00081.png,81,"(128, 128)",aluminium_foil,./emb/128/hilbert\aluminium_foil\00081.npy,hilbert,3,1,012 021 102 120 201 210 ,[0.22597973 0.13759004 0.13771212 0.1457087  0.14583079 0.20717861]
./img/128/brown_bread/00082.png,82,"(128, 128)",brown_bread,./emb/128/hilbert\brown_bread\00082.npy,hilbert,3,1,012 021 102 120 201 210 ,[0.29300452 0.11280674 0.11628617 0.12214626 0.12568673 0.23006959]
./img/128/brown_bread/00083.png,83,"(128, 128)",brown_bread,./emb/128/hilbert\brown_bread\00083.npy,hilbert,3,1,012 021 102 120 201 210 ,[0.28635087 0.11616408 0.1180564  0.12489318 0.12672445 0.22781101]
./img/128/brown_bread/00084.png,84,"(128, 128)",brown_bread,./emb/128/hilbert\brown_bread\00084.npy,hilbert,3,1,012 021 102 120 201 210 ,[0.28116225 0.11427176 0.11482115 0.12745696 0.12794531 0.23434257]
./img/128/brown_bread/00085.png,85,"(128, 128)",brown_bread,./emb/128/hilbert\brown_bread\00085.npy,hilbert,3,1,012 021 102 120 201 210 ,[0.25045782 0.13234037 0.13288976 0.13679648 0.13734587 0.2101697 ]
./img/128/brown_bread/00086.png,86,"(128, 128)",brown_bread,./emb/128/hilbert\brown_bread\00086.npy,hilbert,3,1,012 021 102 120 201 210 ,[0.23971432 0.1320962  0.13905506 0.13172995 0.13874985 0.21865462]
./img/128/brown_bread/00087.png,87,"(128, 128)",brown_bread,./emb/128/hilbert\brown_bread\00087.npy,hilbert,3,1,012 021 102 120 201 210 ,[0.24740569 0.13258454 0.1316689  0.1333781  0.13246246 0.22250031]
./img/128/brown_bread/00088.png,88,"(128, 128)",brown_bread,./emb/128/hilbert\brown_bread\00088.npy,hilbert,3,1,012 021 102 120 201 210 ,[0.29105115 0.11610304 0.11689659 0.12312294 0.12397754 0.22884874]
./img/128/brown_bread/00089.png,89,"(128, 128)",brown_bread,./emb/128/hilbert\brown_bread\00089.npy,hilbert,3,1,012 021 102 120 201 210 ,[0.29605665 0.11347821 0.11732389 0.12477109 0.12867782 0.21969235]
./img/128/brown_bread/00090.png,90,"(128, 128)",brown_bread,./emb/128/hilbert\brown_bread\00090.npy,hilbert,3,1,012 021 102 120 201 210 ,[0.28714443 0.11512636 0.11512636 0.12312294 0.1230619  0.23641802]
./img/128/brown_bread/00091.png,91,"(128, 128)",brown_bread,./emb/128/hilbert\brown_bread\00091.npy,hilbert,3,1,012 021 102 120 201 210 ,[0.24978635 0.12873886 0.13331706 0.13435478 0.13893298 0.21486998]
./img/128/brown_bread/00092.png,92,"(128, 128)",brown_bread,./emb/128/hilbert\brown_bread\00092.npy,hilbert,3,1,012 021 102 120 201 210 ,[0.25173971 0.13203516 0.13026492 0.13850568 0.13673544 0.21071908]
./img/128/brown_bread/00093.png,93,"(128, 128)",brown_bread,./emb/128/hilbert\brown_bread\00093.npy,hilbert,3,1,012 021 102 120 201 210 ,[0.25027469 0.12873886 0.12818948 0.13411061 0.13356123 0.22512514]
./img/128/brown_bread/00094.png,94,"(128, 128)",brown_bread,./emb/128/hilbert\brown_bread\00094.npy,hilbert,3,1,012 021 102 120 201 210 ,[0.24758882 0.13350018 0.13398852 0.13612502 0.13661336 0.2121841 ]
./img/128/brown_bread/00095.png,95,"(128, 128)",brown_bread,./emb/128/hilbert\brown_bread\00095.npy,hilbert,3,1,012 021 102 120 201 210 ,[0.2452692  0.13325601 0.13185203 0.13417165 0.13282871 0.22262239]
./img/128/brown_bread/00096.png,96,"(128, 128)",brown_bread,./emb/128/hilbert\brown_bread\00096.npy,hilbert,3,1,012 021 102 120 201 210 ,[0.24649005 0.13044805 0.1329508  0.1362471  0.13874985 0.21511415]
./img/128/brown_bread/00097.png,97,"(128, 128)",brown_bread,./emb/128/hilbert\brown_bread\00097.npy,hilbert,3,1,012 021 102 120 201 210 ,[0.25039678 0.12983763 0.12849469 0.14058113 0.13923819 0.21145159]
./img/128/brown_bread/00098.png,98,"(128, 128)",brown_bread,./emb/128/hilbert\brown_bread\00098.npy,hilbert,3,1,012 021 102 120 201 210 ,[0.25076303 0.13465999 0.13661336 0.13673544 0.1386888  0.20253937]
./img/128/brown_bread/00099.png,99,"(128, 128)",brown_bread,./emb/128/hilbert\brown_bread\00099.npy,hilbert,3,1,012 021 102 120 201 210 ,[0.25076303 0.12898303 0.12782322 0.13881089 0.13759004 0.21602979]
./img/128/brown_bread/00100.png,100,"(128, 128)",brown_bread,./emb/128/hilbert\brown_bread\00100.npy,hilbert,3,1,012 021 102 120 201 210 ,[0.24001953 0.13563667 0.13850568 0.13850568 0.14143572 0.20589672]
./img/128/brown_bread/00101.png,101,"(128, 128)",brown_bread,./emb/128/hilbert\brown_bread\00101.npy,hilbert,3,1,012 021 102 120 201 210 ,[0.24215602 0.13490416 0.13655231 0.13820046 0.13990966 0.20827738]
./img/128/brown_bread/00102.png,102,"(128, 128)",brown_bread,./emb/128/hilbert\brown_bread\00102.npy,hilbert,3,1,012 021 102 120 201 210 ,[0.24789403 0.13557563 0.13350018 0.13740691 0.13527042 0.21035283]
./img/128/brown_bread/00103.png,103,"(128, 128)",brown_bread,./emb/128/hilbert\brown_bread\00103.npy,hilbert,3,1,012 021 102 120 201 210 ,[0.24117934 0.13557563 0.13734587 0.13844463 0.14021487 0.20723965]
./img/128/brown_bread/00104.png,104,"(128, 128)",brown_bread,./emb/128/hilbert\brown_bread\00104.npy,hilbert,3,1,012 021 102 120 201 210 ,[0.23806617 0.13801734 0.13746795 0.13728482 0.13673544 0.21242827]
./img/128/brown_bread/00105.png,105,"(128, 128)",brown_bread,./emb/128/hilbert\brown_bread\00105.npy,hilbert,3,1,012 021 102 120 201 210 ,[0.24447564 0.13588084 0.13081431 0.13862776 0.13356123 0.21664021]
./img/128/brown_bread/00106.png,106,"(128, 128)",brown_bread,./emb/128/hilbert\brown_bread\00106.npy,hilbert,3,1,012 021 102 120 201 210 ,[0.23849347 0.13661336 0.13630814 0.14015383 0.13990966 0.20852155]
./img/128/brown_bread/00107.png,107,"(128, 128)",brown_bread,./emb/128/hilbert\brown_bread\00107.npy,hilbert,3,1,012 021 102 120 201 210 ,[0.23794408 0.13612502 0.13874985 0.14290074 0.14546453 0.19881577]
./img/128/brown_bread/00108.png,108,"(128, 128)",brown_bread,./emb/128/hilbert\brown_bread\00108.npy,hilbert,3,1,012 021 102 120 201 210 ,[0.24624588 0.13148578 0.13459895 0.1320962  0.13514833 0.22042486]
./img/128/brown_bread/00109.png,109,"(128, 128)",brown_bread,./emb/128/hilbert\brown_bread\00109.npy,hilbert,3,1,012 021 102 120 201 210 ,[0.23818826 0.13429374 0.13807838 0.14033696 0.1441216  0.20498108]
./img/128/brown_bread/00110.png,110,"(128, 128)",brown_bread,./emb/128/hilbert\brown_bread\00110.npy,hilbert,3,1,012 021 102 120 201 210 ,[0.24233915 0.13514833 0.13520938 0.14424368 0.14436577 0.19869369]
./img/128/brown_bread/00111.png,111,"(128, 128)",brown_bread,./emb/128/hilbert\brown_bread\00111.npy,hilbert,3,1,012 021 102 120 201 210 ,[0.24703943 0.13038701 0.13099744 0.13765108 0.13820046 0.21572458]
./img/128/brown_bread/00112.png,112,"(128, 128)",brown_bread,./emb/128/hilbert\brown_bread\00112.npy,hilbert,3,1,012 021 102 120 201 210 ,[0.23849347 0.13899402 0.13881089 0.13905506 0.13887193 0.20577463]
./img/128/brown_bread/00113.png,113,"(128, 128)",brown_bread,./emb/128/hilbert\brown_bread\00113.npy,hilbert,3,1,012 021 102 120 201 210 ,[0.23837138 0.13441582 0.13502625 0.13789525 0.13850568 0.21578562]
./img/128/brown_bread/00114.png,114,"(128, 128)",brown_bread,./emb/128/hilbert\brown_bread\00114.npy,hilbert,3,1,012 021 102 120 201 210 ,[0.2444146  0.13246246 0.13386644 0.13307288 0.13447686 0.22170675]
./img/128/brown_bread/00115.png,115,"(128, 128)",brown_bread,./emb/128/hilbert\brown_bread\00115.npy,hilbert,3,1,012 021 102 120 201 210 ,[0.23446466 0.14009278 0.13899402 0.13893298 0.13789525 0.20962031]
./img/128/brown_bread/00116.png,116,"(128, 128)",brown_bread,./emb/128/hilbert\brown_bread\00116.npy,hilbert,3,1,012 021 102 120 201 210 ,[0.23672323 0.1395434  0.13655231 0.14509828 0.14216823 0.19991454]
./img/128/brown_bread/00117.png,117,"(128, 128)",brown_bread,./emb/128/hilbert\brown_bread\00117.npy,hilbert,3,1,012 021 102 120 201 210 ,[0.23849347 0.13508729 0.13221829 0.13966549 0.13685753 0.21767794]
./img/128/brown_bread/00118.png,118,"(128, 128)",brown_bread,./emb/128/hilbert\brown_bread\00118.npy,hilbert,3,1,012 021 102 120 201 210 ,[0.23263338 0.13874985 0.14045904 0.14424368 0.14589183 0.19802222]
./img/128/brown_bread/00119.png,119,"(128, 128)",brown_bread,./emb/128/hilbert\brown_bread\00119.npy,hilbert,3,1,012 021 102 120 201 210 ,[0.23544134 0.13929923 0.13881089 0.14393847 0.14351117 0.1989989 ]
./img/128/brown_bread/00120.png,120,"(128, 128)",brown_bread,./emb/128/hilbert\brown_bread\00120.npy,hilbert,3,1,012 021 102 120 201 210 ,[0.24056892 0.13520938 0.13362227 0.14045904 0.13887193 0.21126847]
./img/128/brown_bread/00121.png,121,"(128, 128)",brown_bread,./emb/128/hilbert\brown_bread\00121.npy,hilbert,3,1,012 021 102 120 201 210 ,[0.23623489 0.1362471  0.13563667 0.14448785 0.14381638 0.2035771 ]
./img/128/brown_bread/00122.png,122,"(128, 128)",brown_bread,./emb/128/hilbert\brown_bread\00122.npy,hilbert,3,1,012 021 102 120 201 210 ,[0.23623489 0.13759004 0.13673544 0.13697961 0.13612502 0.216335  ]
./img/128/brown_bread/00123.png,123,"(128, 128)",brown_bread,./emb/128/hilbert\brown_bread\00123.npy,hilbert,3,1,012 021 102 120 201 210 ,[0.24081309 0.13172995 0.13465999 0.13826151 0.14119155 0.21334391]
./img/128/brown_bread/00124.png,124,"(128, 128)",brown_bread,./emb/128/hilbert\brown_bread\00124.npy,hilbert,3,1,012 021 102 120 201 210 ,[0.23098523 0.14027591 0.14021487 0.14393847 0.14387743 0.20070809]
./img/128/brown_bread/00125.png,125,"(128, 128)",brown_bread,./emb/128/hilbert\brown_bread\00125.npy,hilbert,3,1,012 021 102 120 201 210 ,[0.23422049 0.14076425 0.13673544 0.14534245 0.14125259 0.20168478]
./img/128/brown_bread/00126.png,126,"(128, 128)",brown_bread,./emb/128/hilbert\brown_bread\00126.npy,hilbert,3,1,012 021 102 120 201 210 ,[0.23959224 0.13765108 0.13459895 0.13813942 0.13508729 0.21493102]
./img/128/brown_bread/00127.png,127,"(128, 128)",brown_bread,./emb/128/hilbert\brown_bread\00127.npy,hilbert,3,1,012 021 102 120 201 210 ,[0.24917592 0.13234037 0.13258454 0.13722378 0.13740691 0.21126847]
./img/128/brown_bread/00128.png,128,"(128, 128)",brown_bread,./emb/128/hilbert\brown_bread\00128.npy,hilbert,3,1,012 021 102 120 201 210 ,[0.25479184 0.12910512 0.12934929 0.13777317 0.13807838 0.21090221]
./img/128/brown_bread/00129.png,129,"(128, 128)",brown_bread,./emb/128/hilbert\brown_bread\00129.npy,hilbert,3,1,012 021 102 120 201 210 ,[0.25027469 0.13148578 0.12702967 0.13740691 0.1329508  0.22085215]
./img/128/brown_bread/00130.png,130,"(128, 128)",brown_bread,./emb/128/hilbert\brown_bread\00130.npy,hilbert,3,1,012 021 102 120 201 210 ,[0.23794408 0.13740691 0.13478208 0.14430472 0.14161885 0.20394335]
./img/128/brown_bread/00131.png,131,"(128, 128)",brown_bread,./emb/128/hilbert\brown_bread\00131.npy,hilbert,3,1,012 021 102 120 201 210 ,[0.24453669 0.13673544 0.13221829 0.13643023 0.13185203 0.21822732]
./img/128/brown_bread/00132.png,132,"(128, 128)",brown_bread,./emb/128/hilbert\brown_bread\00132.npy,hilbert,3,1,012 021 102 120 201 210 ,[0.24954218 0.12812843 0.12977658 0.13197412 0.13362227 0.22695642]
./img/128/brown_bread/00133.png,133,"(128, 128)",brown_bread,./emb/128/hilbert\brown_bread\00133.npy,hilbert,3,1,012 021 102 120 201 210 ,[0.23293859 0.140398   0.13966549 0.13874985 0.13795629 0.21029178]
./img/128/brown_bread/00134.png,134,"(128, 128)",brown_bread,./emb/128/hilbert\brown_bread\00134.npy,hilbert,3,1,012 021 102 120 201 210 ,[0.23171774 0.13978757 0.14192406 0.13966549 0.14186302 0.20504212]
./img/128/brown_bread/00135.png,135,"(128, 128)",brown_bread,./emb/128/hilbert\brown_bread\00135.npy,hilbert,3,1,012 021 102 120 201 210 ,[0.24575754 0.13124161 0.13002075 0.13606397 0.13484312 0.22207301]
./img/128/brown_bread/00136.png,136,"(128, 128)",brown_bread,./emb/128/hilbert\brown_bread\00136.npy,hilbert,3,1,012 021 102 120 201 210 ,[0.24917592 0.13362227 0.13258454 0.13331706 0.13234037 0.21895983]
./img/128/brown_bread/00137.png,137,"(128, 128)",brown_bread,./emb/128/hilbert\brown_bread\00137.npy,hilbert,3,1,012 021 102 120 201 210 ,[0.2518618  0.13136369 0.13063118 0.13307288 0.13234037 0.22073007]
./img/128/brown_bread/00138.png,138,"(128, 128)",brown_bread,./emb/128/hilbert\brown_bread\00138.npy,hilbert,3,1,012 021 102 120 201 210 ,[0.25882066 0.12324503 0.12477109 0.12764009 0.12910512 0.23641802]
./img/128/brown_bread/00139.png,139,"(128, 128)",brown_bread,./emb/128/hilbert\brown_bread\00139.npy,hilbert,3,1,012 021 102 120 201 210 ,[0.24453669 0.1325235  0.13313393 0.13234037 0.1329508  0.22451471]
./img/128/brown_bread/00140.png,140,"(128, 128)",brown_bread,./emb/128/hilbert\brown_bread\00140.npy,hilbert,3,1,012 021 102 120 201 210 ,[0.23684532 0.13704065 0.13386644 0.13936027 0.13618606 0.21670126]
./img/128/brown_bread/00141.png,141,"(128, 128)",brown_bread,./emb/128/hilbert\brown_bread\00141.npy,hilbert,3,1,012 021 102 120 201 210 ,[0.23953119 0.13417165 0.13227933 0.13575876 0.1338054  0.22445367]
./img/128/brown_bread/00142.png,142,"(128, 128)",brown_bread,./emb/128/hilbert\brown_bread\00142.npy,hilbert,3,1,012 021 102 120 201 210 ,[0.23672323 0.13685753 0.13881089 0.14064217 0.14259553 0.20437065]
./img/128/brown_bread/00143.png,143,"(128, 128)",brown_bread,./emb/128/hilbert\brown_bread\00143.npy,hilbert,3,1,012 021 102 120 201 210 ,[0.23135148 0.13984861 0.13978757 0.1469906  0.1469906  0.19503113]
./img/128/brown_bread/00144.png,144,"(128, 128)",brown_bread,./emb/128/hilbert\brown_bread\00144.npy,hilbert,3,1,012 021 102 120 201 210 ,[0.23238921 0.1353925  0.13856672 0.13569772 0.13893298 0.21902088]
./img/128/brown_bread/00145.png,145,"(128, 128)",brown_bread,./emb/128/hilbert\brown_bread\00145.npy,hilbert,3,1,012 021 102 120 201 210 ,[0.24624588 0.13350018 0.13142473 0.14320596 0.14113051 0.20449274]
./img/128/brown_bread/00146.png,146,"(128, 128)",brown_bread,./emb/128/hilbert\brown_bread\00146.npy,hilbert,3,1,012 021 102 120 201 210 ,[0.24417043 0.13075327 0.13502625 0.13496521 0.13923819 0.21584666]
./img/128/brown_bread/00147.png,147,"(128, 128)",brown_bread,./emb/128/hilbert\brown_bread\00147.npy,hilbert,3,1,012 021 102 120 201 210 ,[0.24282749 0.1305091  0.12818948 0.13777317 0.13545355 0.22524722]
./img/128/brown_bread/00148.png,148,"(128, 128)",brown_bread,./emb/128/hilbert\brown_bread\00148.npy,hilbert,3,1,012 021 102 120 201 210 ,[0.23818826 0.13856672 0.13606397 0.13881089 0.1362471  0.21212306]
./img/128/brown_bread/00149.png,149,"(128, 128)",brown_bread,./emb/128/hilbert\brown_bread\00149.npy,hilbert,3,1,012 021 102 120 201 210 ,[0.23947015 0.13722378 0.13453791 0.1362471  0.13356123 0.21895983]
./img/128/brown_bread/00150.png,150,"(128, 128)",brown_bread,./emb/128/hilbert\brown_bread\00150.npy,hilbert,3,1,012 021 102 120 201 210 ,[0.23989745 0.13197412 0.13172995 0.13905506 0.13881089 0.21853254]
./img/128/brown_bread/00151.png,151,"(128, 128)",brown_bread,./emb/128/hilbert\brown_bread\00151.npy,hilbert,3,1,012 021 102 120 201 210 ,[0.24294958 0.13368331 0.13636919 0.13881089 0.14149676 0.20669027]
./img/128/brown_bread/00152.png,152,"(128, 128)",brown_bread,./emb/128/hilbert\brown_bread\00152.npy,hilbert,3,1,012 021 102 120 201 210 ,[0.24624588 0.13172995 0.13514833 0.13618606 0.13966549 0.21102429]
./img/128/brown_bread/00153.png,153,"(128, 128)",brown_bread,./emb/128/hilbert\brown_bread\00153.npy,hilbert,3,1,012 021 102 120 201 210 ,[0.23544134 0.13575876 0.13386644 0.13429374 0.13246246 0.22817727]
./img/128/brown_bread/00154.png,154,"(128, 128)",brown_bread,./emb/128/hilbert\brown_bread\00154.npy,hilbert,3,1,012 021 102 120 201 210 ,[0.25662312 0.12849469 0.12660237 0.13643023 0.13453791 0.21731168]
./img/128/brown_bread/00155.png,155,"(128, 128)",brown_bread,./emb/128/hilbert\brown_bread\00155.npy,hilbert,3,1,012 021 102 120 201 210 ,[0.24954218 0.13093639 0.12959346 0.13459895 0.13319497 0.22213405]
./img/128/brown_bread/00156.png,156,"(128, 128)",brown_bread,./emb/128/hilbert\brown_bread\00156.npy,hilbert,3,1,012 021 102 120 201 210 ,[0.23806617 0.13606397 0.13270663 0.13936027 0.13600293 0.21780002]
./img/128/brown_bread/00157.png,157,"(128, 128)",brown_bread,./emb/128/hilbert\brown_bread\00157.npy,hilbert,3,1,012 021 102 120 201 210 ,[0.25338786 0.12959346 0.12995971 0.13447686 0.13490416 0.21767794]
./img/128/brown_bread/00158.png,158,"(128, 128)",brown_bread,./emb/128/hilbert\brown_bread\00158.npy,hilbert,3,1,012 021 102 120 201 210 ,[0.24905384 0.13227933 0.13111952 0.12818948 0.12702967 0.23232817]
./img/128/brown_bread/00159.png,159,"(128, 128)",brown_bread,./emb/128/hilbert\brown_bread\00159.npy,hilbert,3,1,012 021 102 120 201 210 ,[0.25253327 0.13020388 0.12629716 0.13069222 0.12684654 0.23342693]
./img/128/brown_bread/00160.png,160,"(128, 128)",brown_bread,./emb/128/hilbert\brown_bread\00160.npy,hilbert,3,1,012 021 102 120 201 210 ,[0.24417043 0.13258454 0.13398852 0.13691857 0.13826151 0.21407643]
./img/128/brown_bread/00161.png,161,"(128, 128)",brown_bread,./emb/128/hilbert\brown_bread\00161.npy,hilbert,3,1,012 021 102 120 201 210 ,[0.25247223 0.1325235  0.13185203 0.13417165 0.13356123 0.21541936]
./img/128/brown_bread/00162.png,162,"(128, 128)",brown_bread,./emb/128/hilbert\brown_bread\00162.npy,hilbert,3,1,012 021 102 120 201 210 ,[0.25277744 0.12568673 0.12818948 0.13081431 0.13331706 0.22921499]
./img/128/corduroy/00163.png,163,"(128, 128)",corduroy,./emb/128/hilbert\corduroy\00163.npy,hilbert,3,1,012 021 102 120 201 210 ,[0.30808204 0.10926627 0.10999878 0.12751801 0.12825052 0.21688439]
./img/128/corduroy/00164.png,164,"(128, 128)",corduroy,./emb/128/hilbert\corduroy\00164.npy,hilbert,3,1,012 021 102 120 201 210 ,[0.31406422 0.10548163 0.10810646 0.12580881 0.12843365 0.21810524]
./img/128/corduroy/00165.png,165,"(128, 128)",corduroy,./emb/128/hilbert\corduroy\00165.npy,hilbert,3,1,012 021 102 120 201 210 ,[0.29007447 0.11360029 0.11384446 0.12043707 0.12068124 0.24136247]
./img/128/corduroy/00166.png,166,"(128, 128)",corduroy,./emb/128/hilbert\corduroy\00166.npy,hilbert,3,1,012 021 102 120 201 210 ,[0.26388719 0.12666341 0.12342815 0.13472104 0.13148578 0.21981443]
./img/128/corduroy/00167.png,167,"(128, 128)",corduroy,./emb/128/hilbert\corduroy\00167.npy,hilbert,3,1,012 021 102 120 201 210 ,[0.25479184 0.12941033 0.1263582  0.13118056 0.12818948 0.23006959]
./img/128/corduroy/00168.png,168,"(128, 128)",corduroy,./emb/128/hilbert\corduroy\00168.npy,hilbert,3,1,012 021 102 120 201 210 ,[0.23708949 0.13557563 0.13368331 0.13282871 0.13099744 0.22982542]
./img/128/corduroy/00169.png,169,"(128, 128)",corduroy,./emb/128/hilbert\corduroy\00169.npy,hilbert,3,1,012 021 102 120 201 210 ,[0.31406422 0.10493224 0.10658039 0.12684654 0.12855573 0.21902088]
./img/128/corduroy/00170.png,170,"(128, 128)",corduroy,./emb/128/hilbert\corduroy\00170.npy,hilbert,3,1,012 021 102 120 201 210 ,[0.32035161 0.10218533 0.10346722 0.13136369 0.13264559 0.20998657]
./img/128/corduroy/00171.png,171,"(128, 128)",corduroy,./emb/128/hilbert\corduroy\00171.npy,hilbert,3,1,012 021 102 120 201 210 ,[0.28726651 0.11201319 0.11622513 0.1180564  0.12232939 0.24410939]
./img/128/corduroy/00172.png,172,"(128, 128)",corduroy,./emb/128/hilbert\corduroy\00172.npy,hilbert,3,1,012 021 102 120 201 210 ,[0.26523013 0.12764009 0.12556464 0.13844463 0.13636919 0.20675131]
./img/128/corduroy/00173.png,173,"(128, 128)",corduroy,./emb/128/hilbert\corduroy\00173.npy,hilbert,3,1,012 021 102 120 201 210 ,[0.26754975 0.12416066 0.12513735 0.1362471  0.13728482 0.20962031]
./img/128/corduroy/00174.png,174,"(128, 128)",corduroy,./emb/128/hilbert\corduroy\00174.npy,hilbert,3,1,012 021 102 120 201 210 ,[0.2448419  0.1305091  0.13386644 0.13063118 0.13398852 0.22616286]
./img/128/corduroy/00175.png,175,"(128, 128)",corduroy,./emb/128/hilbert\corduroy\00175.npy,hilbert,3,1,012 021 102 120 201 210 ,[0.24160664 0.13490416 0.13777317 0.13813942 0.14100842 0.20656818]
./img/128/corduroy/00176.png,176,"(128, 128)",corduroy,./emb/128/hilbert\corduroy\00176.npy,hilbert,3,1,012 021 102 120 201 210 ,[0.24655109 0.13118056 0.13227933 0.14064217 0.14180198 0.20754487]
./img/128/corduroy/00177.png,177,"(128, 128)",corduroy,./emb/128/hilbert\corduroy\00177.npy,hilbert,3,1,012 021 102 120 201 210 ,[0.22958125 0.13893298 0.14058113 0.14186302 0.14357221 0.20546942]
./img/128/corduroy/00178.png,178,"(128, 128)",corduroy,./emb/128/hilbert\corduroy\00178.npy,hilbert,3,1,012 021 102 120 201 210 ,[0.26352094 0.12495422 0.12342815 0.1362471  0.13472104 0.21712856]
./img/128/corduroy/00179.png,179,"(128, 128)",corduroy,./emb/128/hilbert\corduroy\00179.npy,hilbert,3,1,012 021 102 120 201 210 ,[0.27072397 0.12300085 0.12208522 0.13606397 0.13514833 0.21297766]
./img/128/corduroy/00180.png,180,"(128, 128)",corduroy,./emb/128/hilbert\corduroy\00180.npy,hilbert,3,1,012 021 102 120 201 210 ,[0.24465877 0.13032597 0.12812843 0.13643023 0.13423269 0.2262239 ]
./img/128/corduroy/00181.png,181,"(128, 128)",corduroy,./emb/128/hilbert\corduroy\00181.npy,hilbert,3,1,012 021 102 120 201 210 ,[0.23751679 0.13795629 0.13618606 0.14857771 0.14686851 0.19289464]
./img/128/corduroy/00182.png,182,"(128, 128)",corduroy,./emb/128/hilbert\corduroy\00182.npy,hilbert,3,1,012 021 102 120 201 210 ,[0.23892077 0.13813942 0.13490416 0.1445489  0.14137468 0.20211207]
./img/128/corduroy/00183.png,183,"(128, 128)",corduroy,./emb/128/hilbert\corduroy\00183.npy,hilbert,3,1,012 021 102 120 201 210 ,[0.21688439 0.14692956 0.14644122 0.143267   0.14277866 0.20369918]
./img/128/corduroy/00184.png,184,"(128, 128)",corduroy,./emb/128/hilbert\corduroy\00184.npy,hilbert,3,1,012 021 102 120 201 210 ,[0.23214504 0.14198511 0.13685753 0.1469906  0.14192406 0.20009767]
./img/128/corduroy/00185.png,185,"(128, 128)",corduroy,./emb/128/hilbert\corduroy\00185.npy,hilbert,3,1,012 021 102 120 201 210 ,[0.23361006 0.13594189 0.13740691 0.13789525 0.13929923 0.21584666]
./img/128/corduroy/00186.png,186,"(128, 128)",corduroy,./emb/128/hilbert\corduroy\00186.npy,hilbert,3,1,012 021 102 120 201 210 ,[0.22042486 0.14363326 0.14442681 0.1424124  0.14320596 0.20589672]
./img/128/corduroy/00187.png,187,"(128, 128)",corduroy,./emb/128/hilbert\corduroy\00187.npy,hilbert,3,1,012 021 102 120 201 210 ,[0.2481382  0.13307288 0.12995971 0.14222928 0.1391161  0.20748382]
./img/128/corduroy/00188.png,188,"(128, 128)",corduroy,./emb/128/hilbert\corduroy\00188.npy,hilbert,3,1,012 021 102 120 201 210 ,[0.2510072  0.12855573 0.13044805 0.14094738 0.14290074 0.20614089]
./img/128/corduroy/00189.png,189,"(128, 128)",corduroy,./emb/128/hilbert\corduroy\00189.npy,hilbert,3,1,012 021 102 120 201 210 ,[0.2200586  0.14375534 0.14052008 0.14155781 0.13826151 0.21584666]
./img/128/corduroy/00190.png,190,"(128, 128)",corduroy,./emb/128/hilbert\corduroy\00190.npy,hilbert,3,1,012 021 102 120 201 210 ,[0.23947015 0.13820046 0.14009278 0.14222928 0.14406055 0.19594677]
./img/128/corduroy/00191.png,191,"(128, 128)",corduroy,./emb/128/hilbert\corduroy\00191.npy,hilbert,3,1,012 021 102 120 201 210 ,[0.23843243 0.13813942 0.13887193 0.14192406 0.14265657 0.19997558]
./img/128/corduroy/00192.png,192,"(128, 128)",corduroy,./emb/128/hilbert\corduroy\00192.npy,hilbert,3,1,012 021 102 120 201 210 ,[0.21834941 0.14558662 0.14235136 0.1469906  0.14381638 0.20290563]
./img/128/corduroy/00193.png,193,"(128, 128)",corduroy,./emb/128/hilbert\corduroy\00193.npy,hilbert,3,1,012 021 102 120 201 210 ,[0.23611281 0.13966549 0.13740691 0.14320596 0.14088634 0.2027225 ]
./img/128/corduroy/00194.png,194,"(128, 128)",corduroy,./emb/128/hilbert\corduroy\00194.npy,hilbert,3,1,012 021 102 120 201 210 ,[0.23690636 0.13838359 0.13630814 0.14198511 0.13990966 0.20650714]
./img/128/corduroy/00195.png,195,"(128, 128)",corduroy,./emb/128/hilbert\corduroy\00195.npy,hilbert,3,1,012 021 102 120 201 210 ,[0.2138933  0.14711268 0.14638017 0.14460994 0.14387743 0.20412648]
./img/128/corduroy/00196.png,196,"(128, 128)",corduroy,./emb/128/hilbert\corduroy\00196.npy,hilbert,3,1,012 021 102 120 201 210 ,[0.24600171 0.13319497 0.13411061 0.13881089 0.13966549 0.20821634]
./img/128/corduroy/00197.png,197,"(128, 128)",corduroy,./emb/128/hilbert\corduroy\00197.npy,hilbert,3,1,012 021 102 120 201 210 ,[0.24697839 0.13502625 0.13441582 0.13728482 0.13661336 0.20968136]
./img/128/corduroy/00198.png,198,"(128, 128)",corduroy,./emb/128/hilbert\corduroy\00198.npy,hilbert,3,1,012 021 102 120 201 210 ,[0.21749481 0.14314492 0.14375534 0.14125259 0.14192406 0.21242827]
./img/128/corduroy/00199.png,199,"(128, 128)",corduroy,./emb/128/hilbert\corduroy\00199.npy,hilbert,3,1,012 021 102 120 201 210 ,[0.24221707 0.13514833 0.13850568 0.14235136 0.14564766 0.1961299 ]
./img/128/corduroy/00200.png,200,"(128, 128)",corduroy,./emb/128/hilbert\corduroy\00200.npy,hilbert,3,1,012 021 102 120 201 210 ,[0.24453669 0.13490416 0.13502625 0.14320596 0.143267   0.19905994]
./img/128/corduroy/00201.png,201,"(128, 128)",corduroy,./emb/128/hilbert\corduroy\00201.npy,hilbert,3,1,012 021 102 120 201 210 ,[0.20705653 0.14686851 0.14821145 0.14894396 0.1502869  0.19863265]
./img/128/corduroy/00202.png,202,"(128, 128)",corduroy,./emb/128/hilbert\corduroy\00202.npy,hilbert,3,1,012 021 102 120 201 210 ,[0.24453669 0.13417165 0.13417165 0.14119155 0.14119155 0.20473691]
./img/128/corduroy/00203.png,203,"(128, 128)",corduroy,./emb/128/hilbert\corduroy\00203.npy,hilbert,3,1,012 021 102 120 201 210 ,[0.23690636 0.13478208 0.13545355 0.13771212 0.13838359 0.2167623 ]
./img/128/corduroy/00204.png,204,"(128, 128)",corduroy,./emb/128/hilbert\corduroy\00204.npy,hilbert,3,1,012 021 102 120 201 210 ,[0.21486998 0.14686851 0.14546453 0.14497619 0.14351117 0.20430961]
./img/128/corduroy/00205.png,205,"(128, 128)",corduroy,./emb/128/hilbert\corduroy\00205.npy,hilbert,3,1,012 021 102 120 201 210 ,[0.24972531 0.12995971 0.12764009 0.14290074 0.14058113 0.20919302]
./img/128/corduroy/00206.png,206,"(128, 128)",corduroy,./emb/128/hilbert\corduroy\00206.npy,hilbert,3,1,012 021 102 120 201 210 ,[0.24740569 0.13172995 0.12995971 0.13972653 0.13795629 0.21322183]
./img/128/corduroy/00207.png,207,"(128, 128)",corduroy,./emb/128/hilbert\corduroy\00207.npy,hilbert,3,1,012 021 102 120 201 210 ,[0.21957026 0.14576975 0.143267   0.14314492 0.14064217 0.20760591]
./img/128/corduroy/00208.png,208,"(128, 128)",corduroy,./emb/128/hilbert\corduroy\00208.npy,hilbert,3,1,012 021 102 120 201 210 ,[0.24343792 0.13447686 0.1362471  0.14033696 0.14210719 0.20339397]
./img/128/corduroy/00209.png,209,"(128, 128)",corduroy,./emb/128/hilbert\corduroy\00209.npy,hilbert,3,1,012 021 102 120 201 210 ,[0.24221707 0.13716274 0.13600293 0.13966549 0.13850568 0.2064461 ]
./img/128/corduroy/00210.png,210,"(128, 128)",corduroy,./emb/128/hilbert\corduroy\00210.npy,hilbert,3,1,012 021 102 120 201 210 ,[0.21175681 0.14821145 0.14747894 0.15016482 0.14937126 0.19301673]
./img/128/corduroy/00211.png,211,"(128, 128)",corduroy,./emb/128/hilbert\corduroy\00211.npy,hilbert,3,1,012 021 102 120 201 210 ,[0.24160664 0.13545355 0.13465999 0.14052008 0.13966549 0.20809425]
./img/128/corduroy/00212.png,212,"(128, 128)",corduroy,./emb/128/hilbert\corduroy\00212.npy,hilbert,3,1,012 021 102 120 201 210 ,[0.23312172 0.13673544 0.13716274 0.13984861 0.14021487 0.21291662]
./img/128/corduroy/00213.png,213,"(128, 128)",corduroy,./emb/128/hilbert\corduroy\00213.npy,hilbert,3,1,012 021 102 120 201 210 ,[0.2093151  0.1502869  0.14998169 0.14674643 0.14638017 0.19728971]
./img/128/corduroy/00214.png,214,"(128, 128)",corduroy,./emb/128/hilbert\corduroy\00214.npy,hilbert,3,1,012 021 102 120 201 210 ,[0.24392626 0.13179099 0.13600293 0.13643023 0.14070321 0.21114638]
./img/128/corduroy/00215.png,215,"(128, 128)",corduroy,./emb/128/hilbert\corduroy\00215.npy,hilbert,3,1,012 021 102 120 201 210 ,[0.24795507 0.13081431 0.13087535 0.13984861 0.1399707  0.21053595]
./img/128/corduroy/00216.png,216,"(128, 128)",corduroy,./emb/128/hilbert\corduroy\00216.npy,hilbert,3,1,012 021 102 120 201 210 ,[0.22018069 0.14436577 0.14027591 0.14815041 0.14406055 0.20296667]
./img/128/corduroy/00217.png,217,"(128, 128)",corduroy,./emb/128/hilbert\corduroy\00217.npy,hilbert,3,1,012 021 102 120 201 210 ,[0.24972531 0.13362227 0.13276767 0.13899402 0.13813942 0.20675131]
./img/128/corduroy/00218.png,218,"(128, 128)",corduroy,./emb/128/hilbert\corduroy\00218.npy,hilbert,3,1,012 021 102 120 201 210 ,[0.23971432 0.13343914 0.13557563 0.13893298 0.14106947 0.21126847]
./img/128/corduroy/00219.png,219,"(128, 128)",corduroy,./emb/128/hilbert\corduroy\00219.npy,hilbert,3,1,012 021 102 120 201 210 ,[0.21200098 0.14869979 0.14522036 0.15205714 0.14863875 0.19338298]
./img/128/corduroy/00220.png,220,"(128, 128)",corduroy,./emb/128/hilbert\corduroy\00220.npy,hilbert,3,1,012 021 102 120 201 210 ,[0.24655109 0.1358198  0.12916616 0.14021487 0.13362227 0.21462581]
./img/128/corduroy/00221.png,221,"(128, 128)",corduroy,./emb/128/hilbert\corduroy\00221.npy,hilbert,3,1,012 021 102 120 201 210 ,[0.2373947  0.1353925  0.1333781  0.1424124  0.140398   0.21102429]
./img/128/corduroy/00222.png,222,"(128, 128)",corduroy,./emb/128/hilbert\corduroy\00222.npy,hilbert,3,1,012 021 102 120 201 210 ,[0.20943719 0.14845562 0.14650226 0.15083628 0.14882188 0.19594677]
./img/128/corduroy/00223.png,223,"(128, 128)",corduroy,./emb/128/hilbert\corduroy\00223.npy,hilbert,3,1,012 021 102 120 201 210 ,[0.24954218 0.12861677 0.12898303 0.13746795 0.13789525 0.21749481]
./img/128/corduroy/00224.png,224,"(128, 128)",corduroy,./emb/128/hilbert\corduroy\00224.npy,hilbert,3,1,012 021 102 120 201 210 ,[0.25711146 0.12757905 0.12696862 0.13588084 0.13533146 0.21712856]
./img/128/corduroy/00225.png,225,"(128, 128)",corduroy,./emb/128/hilbert\corduroy\00225.npy,hilbert,3,1,012 021 102 120 201 210 ,[0.21285557 0.14564766 0.14528141 0.14747894 0.14711268 0.20162373]
./img/128/corduroy/00226.png,226,"(128, 128)",corduroy,./emb/128/hilbert\corduroy\00226.npy,hilbert,3,1,012 021 102 120 201 210 ,[0.25485289 0.12849469 0.12739592 0.14119155 0.14003174 0.20803321]
./img/128/corduroy/00227.png,227,"(128, 128)",corduroy,./emb/128/hilbert\corduroy\00227.npy,hilbert,3,1,012 021 102 120 201 210 ,[0.24178977 0.13343914 0.13722378 0.13844463 0.14229032 0.20681236]
./img/128/corduroy/00228.png,228,"(128, 128)",corduroy,./emb/128/hilbert\corduroy\00228.npy,hilbert,3,1,012 021 102 120 201 210 ,[0.20711757 0.15095837 0.14766207 0.1502869  0.14705164 0.19692345]
./img/128/corduroy/00229.png,229,"(128, 128)",corduroy,./emb/128/hilbert\corduroy\00229.npy,hilbert,3,1,012 021 102 120 201 210 ,[0.2505799  0.12983763 0.12831156 0.13929923 0.13783421 0.21413747]
./img/128/corduroy/00230.png,230,"(128, 128)",corduroy,./emb/128/hilbert\corduroy\00230.npy,hilbert,3,1,012 021 102 120 201 210 ,[0.23629593 0.13765108 0.13459895 0.14161885 0.13856672 0.21126847]
./img/128/corduroy/00231.png,231,"(128, 128)",corduroy,./emb/128/hilbert\corduroy\00231.npy,hilbert,3,1,012 021 102 120 201 210 ,[0.20137956 0.15181297 0.15236235 0.14680747 0.1474179  0.20021975]
./img/128/corduroy/00232.png,232,"(128, 128)",corduroy,./emb/128/hilbert\corduroy\00232.npy,hilbert,3,1,012 021 102 120 201 210 ,[0.2452692  0.12898303 0.12941033 0.13643023 0.13691857 0.22298865]
./img/128/corduroy/00233.png,233,"(128, 128)",corduroy,./emb/128/hilbert\corduroy\00233.npy,hilbert,3,1,012 021 102 120 201 210 ,[0.25094616 0.12788426 0.12648028 0.13820046 0.13679648 0.21969235]
./img/128/corduroy/00234.png,234,"(128, 128)",corduroy,./emb/128/hilbert\corduroy\00234.npy,hilbert,3,1,012 021 102 120 201 210 ,[0.20693444 0.14998169 0.14247345 0.15364424 0.14619705 0.20076914]
./img/128/corduroy/00235.png,235,"(128, 128)",corduroy,./emb/128/hilbert\corduroy\00235.npy,hilbert,3,1,012 021 102 120 201 210 ,[0.24954218 0.13319497 0.12953241 0.13972653 0.13612502 0.21187889]
./img/128/corduroy/00236.png,236,"(128, 128)",corduroy,./emb/128/hilbert\corduroy\00236.npy,hilbert,3,1,012 021 102 120 201 210 ,[0.24880967 0.12971554 0.13099744 0.13960444 0.14094738 0.20992553]
./img/128/corduroy/00237.png,237,"(128, 128)",corduroy,./emb/128/hilbert\corduroy\00237.npy,hilbert,3,1,012 021 102 120 201 210 ,[0.20070809 0.15278965 0.15242339 0.15224026 0.15187401 0.1899646 ]
./img/128/corduroy/00238.png,238,"(128, 128)",corduroy,./emb/128/hilbert\corduroy\00238.npy,hilbert,3,1,012 021 102 120 201 210 ,[0.25033573 0.12843365 0.12928824 0.13533146 0.1362471  0.22036381]
./img/128/corduroy/00239.png,239,"(128, 128)",corduroy,./emb/128/hilbert\corduroy\00239.npy,hilbert,3,1,012 021 102 120 201 210 ,[0.23995849 0.13331706 0.13301184 0.13740691 0.13704065 0.21926505]
./img/128/corduroy/00240.png,240,"(128, 128)",corduroy,./emb/128/hilbert\corduroy\00240.npy,hilbert,3,1,012 021 102 120 201 210 ,[0.21200098 0.1465633  0.14686851 0.14924918 0.14949335 0.19582469]
./img/128/corduroy/00241.png,241,"(128, 128)",corduroy,./emb/128/hilbert\corduroy\00241.npy,hilbert,3,1,012 021 102 120 201 210 ,[0.25314369 0.12812843 0.1259309  0.13557563 0.13331706 0.22390429]
./img/128/corduroy/00242.png,242,"(128, 128)",corduroy,./emb/128/hilbert\corduroy\00242.npy,hilbert,3,1,012 021 102 120 201 210 ,[0.25796606 0.1259309  0.12446588 0.13856672 0.1371017  0.21596875]
./img/128/corduroy/00243.png,243,"(128, 128)",corduroy,./emb/128/hilbert\corduroy\00243.npy,hilbert,3,1,012 021 102 120 201 210 ,[0.20815529 0.15004273 0.14631913 0.14869979 0.14497619 0.20180686]
./img/128/cotton/00244.png,244,"(128, 128)",cotton,./emb/128/hilbert\cotton\00244.npy,hilbert,3,1,012 021 102 120 201 210 ,[0.28793798 0.11372238 0.11280674 0.13374435 0.13276767 0.21902088]
./img/128/cotton/00245.png,245,"(128, 128)",cotton,./emb/128/hilbert\cotton\00245.npy,hilbert,3,1,012 021 102 120 201 210 ,[0.28091808 0.1147601  0.11329508 0.13130265 0.12983763 0.22988646]
./img/128/cotton/00246.png,246,"(128, 128)",cotton,./emb/128/hilbert\cotton\00246.npy,hilbert,3,1,012 021 102 120 201 210 ,[0.2659016  0.11982664 0.12214626 0.12794531 0.13026492 0.23391527]
./img/128/cotton/00247.png,247,"(128, 128)",cotton,./emb/128/hilbert\cotton\00247.npy,hilbert,3,1,012 021 102 120 201 210 ,[0.25369308 0.1292272  0.12702967 0.13575876 0.13362227 0.22066903]
./img/128/cotton/00248.png,248,"(128, 128)",cotton,./emb/128/hilbert\cotton\00248.npy,hilbert,3,1,012 021 102 120 201 210 ,[0.2472836  0.13215725 0.13063118 0.13136369 0.12983763 0.22872665]
./img/128/cotton/00249.png,249,"(128, 128)",cotton,./emb/128/hilbert\cotton\00249.npy,hilbert,3,1,012 021 102 120 201 210 ,[0.2275058  0.13874985 0.14106947 0.13881089 0.14113051 0.21273349]
./img/128/cotton/00250.png,250,"(128, 128)",cotton,./emb/128/hilbert\cotton\00250.npy,hilbert,3,1,012 021 102 120 201 210 ,[0.27939202 0.11799536 0.11854474 0.12831156 0.12892199 0.22683433]
./img/128/cotton/00251.png,251,"(128, 128)",cotton,./emb/128/hilbert\cotton\00251.npy,hilbert,3,1,012 021 102 120 201 210 ,[0.28787694 0.11463802 0.11225736 0.14027591 0.13795629 0.20699548]
./img/128/cotton/00252.png,252,"(128, 128)",cotton,./emb/128/hilbert\cotton\00252.npy,hilbert,3,1,012 021 102 120 201 210 ,[0.26223904 0.12257356 0.12330607 0.13154682 0.13221829 0.22811623]
./img/128/cotton/00253.png,253,"(128, 128)",cotton,./emb/128/hilbert\cotton\00253.npy,hilbert,3,1,012 021 102 120 201 210 ,[0.24178977 0.13392748 0.13124161 0.13447686 0.13185203 0.22671225]
./img/128/cotton/00254.png,254,"(128, 128)",cotton,./emb/128/hilbert\cotton\00254.npy,hilbert,3,1,012 021 102 120 201 210 ,[0.25198388 0.12696862 0.12727384 0.13343914 0.1338054  0.22652912]
./img/128/cotton/00255.png,255,"(128, 128)",cotton,./emb/128/hilbert\cotton\00255.npy,hilbert,3,1,012 021 102 120 201 210 ,[0.23354902 0.13691857 0.13392748 0.13887193 0.1358198  0.2209132 ]
./img/128/cotton/00256.png,256,"(128, 128)",cotton,./emb/128/hilbert\cotton\00256.npy,hilbert,3,1,012 021 102 120 201 210 ,[0.23525821 0.13563667 0.13508729 0.13856672 0.13801734 0.21743377]
./img/128/cotton/00257.png,257,"(128, 128)",cotton,./emb/128/hilbert\cotton\00257.npy,hilbert,3,1,012 021 102 120 201 210 ,[0.23861555 0.13374435 0.1325235  0.13636919 0.13514833 0.22359907]
./img/128/cotton/00258.png,258,"(128, 128)",cotton,./emb/128/hilbert\cotton\00258.npy,hilbert,3,1,012 021 102 120 201 210 ,[0.22872665 0.13838359 0.13978757 0.13917715 0.14064217 0.21328287]
./img/128/cotton/00259.png,259,"(128, 128)",cotton,./emb/128/hilbert\cotton\00259.npy,hilbert,3,1,012 021 102 120 201 210 ,[0.23940911 0.13649127 0.13502625 0.13343914 0.13191308 0.22372116]
./img/128/cotton/00260.png,260,"(128, 128)",cotton,./emb/128/hilbert\cotton\00260.npy,hilbert,3,1,012 021 102 120 201 210 ,[0.24758882 0.1300818  0.12983763 0.13490416 0.13472104 0.22286656]
./img/128/cotton/00261.png,261,"(128, 128)",cotton,./emb/128/hilbert\cotton\00261.npy,hilbert,3,1,012 021 102 120 201 210 ,[0.23342693 0.13826151 0.13685753 0.13899402 0.13759004 0.21486998]
./img/128/cotton/00262.png,262,"(128, 128)",cotton,./emb/128/hilbert\cotton\00262.npy,hilbert,3,1,012 021 102 120 201 210 ,[0.23470883 0.1366744  0.13417165 0.14003174 0.137529   0.21688439]
./img/128/cotton/00263.png,263,"(128, 128)",cotton,./emb/128/hilbert\cotton\00263.npy,hilbert,3,1,012 021 102 120 201 210 ,[0.23953119 0.13331706 0.13130265 0.13820046 0.13618606 0.22146258]
./img/128/cotton/00264.png,264,"(128, 128)",cotton,./emb/128/hilbert\cotton\00264.npy,hilbert,3,1,012 021 102 120 201 210 ,[0.22073007 0.13917715 0.14290074 0.14015383 0.14387743 0.21316079]
./img/128/cotton/00265.png,265,"(128, 128)",cotton,./emb/128/hilbert\cotton\00265.npy,hilbert,3,1,012 021 102 120 201 210 ,[0.23171774 0.13557563 0.13899402 0.13960444 0.14308387 0.21102429]
./img/128/cotton/00266.png,266,"(128, 128)",cotton,./emb/128/hilbert\cotton\00266.npy,hilbert,3,1,012 021 102 120 201 210 ,[0.22671225 0.13820046 0.13789525 0.13844463 0.13813942 0.22060798]
./img/128/cotton/00267.png,267,"(128, 128)",cotton,./emb/128/hilbert\cotton\00267.npy,hilbert,3,1,012 021 102 120 201 210 ,[0.21053595 0.14576975 0.14711268 0.14778415 0.14906605 0.19973141]
./img/128/cotton/00268.png,268,"(128, 128)",cotton,./emb/128/hilbert\cotton\00268.npy,hilbert,3,1,012 021 102 120 201 210 ,[0.23446466 0.1366744  0.1353925  0.14167989 0.140398   0.21139055]
./img/128/cotton/00269.png,269,"(128, 128)",cotton,./emb/128/hilbert\cotton\00269.npy,hilbert,3,1,012 021 102 120 201 210 ,[0.23312172 0.13618606 0.13679648 0.13887193 0.13948236 0.21554145]
./img/128/cotton/00270.png,270,"(128, 128)",cotton,./emb/128/hilbert\cotton\00270.npy,hilbert,3,1,012 021 102 120 201 210 ,[0.22170675 0.14009278 0.14393847 0.13874985 0.14253449 0.21297766]
./img/128/cotton/00271.png,271,"(128, 128)",cotton,./emb/128/hilbert\cotton\00271.npy,hilbert,3,1,012 021 102 120 201 210 ,[0.22677329 0.14210719 0.13826151 0.14522036 0.14143572 0.20620193]
./img/128/cotton/00272.png,272,"(128, 128)",cotton,./emb/128/hilbert\cotton\00272.npy,hilbert,3,1,012 021 102 120 201 210 ,[0.23550238 0.13374435 0.13606397 0.13990966 0.14222928 0.21255036]
./img/128/cotton/00273.png,273,"(128, 128)",cotton,./emb/128/hilbert\cotton\00273.npy,hilbert,3,1,012 021 102 120 201 210 ,[0.20528629 0.15150775 0.14967647 0.14711268 0.14522036 0.20119644]
./img/128/cotton/00274.png,274,"(128, 128)",cotton,./emb/128/hilbert\cotton\00274.npy,hilbert,3,1,012 021 102 120 201 210 ,[0.21798315 0.14515932 0.14125259 0.1474179  0.14345013 0.20473691]
./img/128/cotton/00275.png,275,"(128, 128)",cotton,./emb/128/hilbert\cotton\00275.npy,hilbert,3,1,012 021 102 120 201 210 ,[0.22127945 0.14167989 0.14058113 0.14332804 0.14229032 0.21084117]
./img/128/cotton/00276.png,276,"(128, 128)",cotton,./emb/128/hilbert\cotton\00276.npy,hilbert,3,1,012 021 102 120 201 210 ,[0.20217312 0.1544378  0.14876084 0.15596386 0.15022586 0.18843853]
./img/128/cotton/00277.png,277,"(128, 128)",cotton,./emb/128/hilbert\cotton\00277.npy,hilbert,3,1,012 021 102 120 201 210 ,[0.21712856 0.14644122 0.14192406 0.14607496 0.14155781 0.2068734 ]
./img/128/cotton/00278.png,278,"(128, 128)",cotton,./emb/128/hilbert\cotton\00278.npy,hilbert,3,1,012 021 102 120 201 210 ,[0.22659016 0.14021487 0.14094738 0.14167989 0.14247345 0.20809425]
./img/128/cotton/00279.png,279,"(128, 128)",cotton,./emb/128/hilbert\cotton\00279.npy,hilbert,3,1,012 021 102 120 201 210 ,[0.20949823 0.14961543 0.1469906  0.14894396 0.14625809 0.19869369]
./img/128/cotton/00280.png,280,"(128, 128)",cotton,./emb/128/hilbert\cotton\00280.npy,hilbert,3,1,012 021 102 120 201 210 ,[0.22311073 0.14320596 0.14259553 0.14644122 0.14583079 0.19881577]
./img/128/cotton/00281.png,281,"(128, 128)",cotton,./emb/128/hilbert\cotton\00281.npy,hilbert,3,1,012 021 102 120 201 210 ,[0.22500305 0.13856672 0.13813942 0.14717373 0.14668539 0.20443169]
./img/128/cotton/00282.png,282,"(128, 128)",cotton,./emb/128/hilbert\cotton\00282.npy,hilbert,3,1,012 021 102 120 201 210 ,[0.19692345 0.15303382 0.15413258 0.15382737 0.15492614 0.18715664]
./img/128/cotton/00283.png,283,"(128, 128)",cotton,./emb/128/hilbert\cotton\00283.npy,hilbert,3,1,012 021 102 120 201 210 ,[0.20821634 0.14912709 0.14998169 0.15010377 0.15095837 0.19161275]
./img/128/cotton/00284.png,284,"(128, 128)",cotton,./emb/128/hilbert\cotton\00284.npy,hilbert,3,1,012 021 102 120 201 210 ,[0.21914296 0.1408253  0.14357221 0.14601392 0.14876084 0.20168478]
./img/128/cotton/00285.png,285,"(128, 128)",cotton,./emb/128/hilbert\cotton\00285.npy,hilbert,3,1,012 021 102 120 201 210 ,[0.19503113 0.15742889 0.15462093 0.16151874 0.15864974 0.17275058]
./img/128/cotton/00286.png,286,"(128, 128)",cotton,./emb/128/hilbert\cotton\00286.npy,hilbert,3,1,012 021 102 120 201 210 ,[0.21316079 0.1457087  0.14509828 0.14931022 0.14863875 0.19808326]
./img/128/cotton/00287.png,287,"(128, 128)",cotton,./emb/128/hilbert\cotton\00287.npy,hilbert,3,1,012 021 102 120 201 210 ,[0.22445367 0.1399707  0.14302283 0.14619705 0.14918813 0.19716762]
./img/128/cotton/00288.png,288,"(128, 128)",cotton,./emb/128/hilbert\cotton\00288.npy,hilbert,3,1,012 021 102 120 201 210 ,[0.20089122 0.15468197 0.14912709 0.15669637 0.15120254 0.18740081]
./img/128/cotton/00289.png,289,"(128, 128)",cotton,./emb/128/hilbert\cotton\00289.npy,hilbert,3,1,012 021 102 120 201 210 ,[0.22262239 0.14381638 0.143267   0.15254548 0.15193505 0.1858137 ]
./img/128/cotton/00290.png,290,"(128, 128)",cotton,./emb/128/hilbert\cotton\00290.npy,hilbert,3,1,012 021 102 120 201 210 ,[0.21938713 0.14552558 0.14143572 0.1498596  0.14583079 0.19796118]
./img/128/cotton/00291.png,291,"(128, 128)",cotton,./emb/128/hilbert\cotton\00291.npy,hilbert,3,1,012 021 102 120 201 210 ,[0.18361616 0.16359419 0.16249542 0.15913808 0.15797827 0.17317788]
./img/128/cotton/00292.png,292,"(128, 128)",cotton,./emb/128/hilbert\cotton\00292.npy,hilbert,3,1,012 021 102 120 201 210 ,[0.20290563 0.15541448 0.15718471 0.15437675 0.15614699 0.17397143]
./img/128/cotton/00293.png,293,"(128, 128)",cotton,./emb/128/hilbert\cotton\00293.npy,hilbert,3,1,012 021 102 120 201 210 ,[0.21255036 0.14625809 0.14772311 0.14924918 0.1507142  0.19350507]
./img/128/cotton/00294.png,294,"(128, 128)",cotton,./emb/128/hilbert\cotton\00294.npy,hilbert,3,1,012 021 102 120 201 210 ,[0.17262849 0.16963741 0.16945428 0.16689049 0.16670736 0.15468197]
./img/128/cotton/00295.png,295,"(128, 128)",cotton,./emb/128/hilbert\cotton\00295.npy,hilbert,3,1,012 021 102 120 201 210 ,[0.21071908 0.14949335 0.14998169 0.15138567 0.15187401 0.18654621]
./img/128/cotton/00296.png,296,"(128, 128)",cotton,./emb/128/hilbert\cotton\00296.npy,hilbert,3,1,012 021 102 120 201 210 ,[0.22317177 0.14406055 0.14638017 0.14845562 0.15077524 0.18715664]
./img/128/cotton/00297.png,297,"(128, 128)",cotton,./emb/128/hilbert\cotton\00297.npy,hilbert,3,1,012 021 102 120 201 210 ,[0.17342205 0.16426566 0.16835551 0.16273959 0.16682945 0.16438774]
./img/128/cotton/00298.png,298,"(128, 128)",cotton,./emb/128/hilbert\cotton\00298.npy,hilbert,3,1,012 021 102 120 201 210 ,[0.23806617 0.1391161  0.13533146 0.1531559  0.14931022 0.18502014]
./img/128/cotton/00299.png,299,"(128, 128)",cotton,./emb/128/hilbert\cotton\00299.npy,hilbert,3,1,012 021 102 120 201 210 ,[0.23489195 0.13673544 0.13948236 0.14522036 0.14796728 0.1957026 ]
./img/128/cotton/00300.png,300,"(128, 128)",cotton,./emb/128/hilbert\cotton\00300.npy,hilbert,3,1,012 021 102 120 201 210 ,[0.18520327 0.16304481 0.15993163 0.16353315 0.16041997 0.16786717]
./img/128/cotton/00301.png,301,"(128, 128)",cotton,./emb/128/hilbert\cotton\00301.npy,hilbert,3,1,012 021 102 120 201 210 ,[0.19881577 0.15700159 0.15883287 0.16133561 0.16316689 0.16084727]
./img/128/cotton/00302.png,302,"(128, 128)",cotton,./emb/128/hilbert\cotton\00302.npy,hilbert,3,1,012 021 102 120 201 210 ,[0.21468685 0.14747894 0.14668539 0.15437675 0.15364424 0.18312782]
./img/128/cotton/00303.png,303,"(128, 128)",cotton,./emb/128/hilbert\cotton\00303.npy,hilbert,3,1,012 021 102 120 201 210 ,[0.17317788 0.16841655 0.16658528 0.16853864 0.16670736 0.15657429]
./img/128/cotton/00304.png,304,"(128, 128)",cotton,./emb/128/hilbert\cotton\00304.npy,hilbert,3,1,012 021 102 120 201 210 ,[0.21841045 0.14845562 0.14723477 0.15736784 0.15608595 0.17244537]
./img/128/cotton/00305.png,305,"(128, 128)",cotton,./emb/128/hilbert\cotton\00305.npy,hilbert,3,1,012 021 102 120 201 210 ,[0.23397632 0.1428397  0.14302283 0.15468197 0.15492614 0.17055305]
./img/128/cotton/00306.png,306,"(128, 128)",cotton,./emb/128/hilbert\cotton\00306.npy,hilbert,3,1,012 021 102 120 201 210 ,[0.18776706 0.16090831 0.16212917 0.16585277 0.16713466 0.15620803]
./img/128/cotton/00307.png,307,"(128, 128)",cotton,./emb/128/hilbert\cotton\00307.npy,hilbert,3,1,012 021 102 120 201 210 ,[0.23812721 0.14564766 0.14479307 0.1527286  0.15193505 0.1667684 ]
./img/128/cotton/00308.png,308,"(128, 128)",cotton,./emb/128/hilbert\cotton\00308.npy,hilbert,3,1,012 021 102 120 201 210 ,[0.23544134 0.140398   0.13905506 0.15248443 0.1511415  0.18147967]
./img/128/cotton/00309.png,309,"(128, 128)",cotton,./emb/128/hilbert\cotton\00309.npy,hilbert,3,1,012 021 102 120 201 210 ,[0.19826639 0.15785618 0.15767306 0.15877182 0.15864974 0.16878281]
./img/128/cotton/00310.png,310,"(128, 128)",cotton,./emb/128/hilbert\cotton\00310.npy,hilbert,3,1,012 021 102 120 201 210 ,[0.21377121 0.15828348 0.16066414 0.15669637 0.15913808 0.15144671]
./img/128/cotton/00311.png,311,"(128, 128)",cotton,./emb/128/hilbert\cotton\00311.npy,hilbert,3,1,012 021 102 120 201 210 ,[0.21523623 0.14949335 0.14888292 0.15596386 0.15541448 0.17500916]
./img/128/cotton/00312.png,312,"(128, 128)",cotton,./emb/128/hilbert\cotton\00312.npy,hilbert,3,1,012 021 102 120 201 210 ,[0.18636308 0.16585277 0.16322793 0.16078623 0.1581614  0.16560859]
./img/128/cotton/00313.png,313,"(128, 128)",cotton,./emb/128/hilbert\cotton\00313.npy,hilbert,3,1,012 021 102 120 201 210 ,[0.2283604  0.15254548 0.14906605 0.15938225 0.15584178 0.15480405]
./img/128/cotton/00314.png,314,"(128, 128)",cotton,./emb/128/hilbert\cotton\00314.npy,hilbert,3,1,012 021 102 120 201 210 ,[0.37510682 0.1296545  0.13441582 0.14564766 0.15040899 0.06476621]
./img/128/cotton/00315.png,315,"(128, 128)",cotton,./emb/128/hilbert\cotton\00315.npy,hilbert,3,1,012 021 102 120 201 210 ,[0.19973141 0.15413258 0.15767306 0.15950433 0.16310585 0.16585277]
./img/128/cotton/00316.png,316,"(128, 128)",cotton,./emb/128/hilbert\cotton\00316.npy,hilbert,3,1,012 021 102 120 201 210 ,[0.3732145  0.13234037 0.13722378 0.14601392 0.15089733 0.0603101 ]
./img/128/cotton/00317.png,317,"(128, 128)",cotton,./emb/128/hilbert\cotton\00317.npy,hilbert,3,1,012 021 102 120 201 210 ,[0.23666219 0.14607496 0.1465633  0.1548651  0.15541448 0.16041997]
./img/128/cotton/00318.png,318,"(128, 128)",cotton,./emb/128/hilbert\cotton\00318.npy,hilbert,3,1,012 021 102 120 201 210 ,[0.19954828 0.1577341  0.15950433 0.15785618 0.15956538 0.16579172]
./img/128/cotton/00319.png,319,"(128, 128)",cotton,./emb/128/hilbert\cotton\00319.npy,hilbert,3,1,012 021 102 120 201 210 ,[0.37706019 0.13276767 0.13343914 0.14815041 0.14888292 0.05969967]
./img/128/cotton/00320.png,320,"(128, 128)",cotton,./emb/128/hilbert\cotton\00320.npy,hilbert,3,1,012 021 102 120 201 210 ,[0.21895983 0.14931022 0.15175192 0.15309486 0.15553656 0.1713466 ]
./img/128/cotton/00321.png,321,"(128, 128)",cotton,./emb/128/hilbert\cotton\00321.npy,hilbert,3,1,012 021 102 120 201 210 ,[0.20894885 0.15657429 0.15285069 0.16157978 0.15779514 0.16225125]
./img/128/cotton/00322.png,322,"(128, 128)",cotton,./emb/128/hilbert\cotton\00322.npy,hilbert,3,1,012 021 102 120 201 210 ,[0.37986815 0.13111952 0.13362227 0.1465633  0.14912709 0.05969967]
./img/128/cotton/00323.png,323,"(128, 128)",cotton,./emb/128/hilbert\cotton\00323.npy,hilbert,3,1,012 021 102 120 201 210 ,[0.38176047 0.12971554 0.13813942 0.143267   0.15169088 0.05542669]
./img/128/cotton/00324.png,324,"(128, 128)",cotton,./emb/128/hilbert\cotton\00324.npy,hilbert,3,1,012 021 102 120 201 210 ,[0.29746063 0.14222928 0.14009278 0.15840557 0.15626908 0.10554267]
./img/128/cracker/00325.png,325,"(128, 128)",cracker,./emb/128/hilbert\cracker\00325.npy,hilbert,3,1,012 021 102 120 201 210 ,[0.2926993  0.11067025 0.11286778 0.12153583 0.12373337 0.23849347]
./img/128/cracker/00326.png,326,"(128, 128)",cracker,./emb/128/hilbert\cracker\00326.npy,hilbert,3,1,012 021 102 120 201 210 ,[0.2902576  0.11005982 0.10957148 0.12397754 0.1234892  0.24264437]
./img/128/cracker/00327.png,327,"(128, 128)",cracker,./emb/128/hilbert\cracker\00327.npy,hilbert,3,1,012 021 102 120 201 210 ,[0.28470272 0.11567574 0.1127457  0.12019289 0.11726285 0.2494201 ]
./img/128/cracker/00328.png,328,"(128, 128)",cracker,./emb/128/hilbert\cracker\00328.npy,hilbert,3,1,012 021 102 120 201 210 ,[0.25381516 0.1255036  0.12495422 0.13429374 0.13374435 0.22768893]
./img/128/cracker/00329.png,329,"(128, 128)",cracker,./emb/128/hilbert\cracker\00329.npy,hilbert,3,1,012 021 102 120 201 210 ,[0.25070199 0.13081431 0.12831156 0.13362227 0.13111952 0.22543035]
./img/128/cracker/00330.png,330,"(128, 128)",cracker,./emb/128/hilbert\cracker\00330.npy,hilbert,3,1,012 021 102 120 201 210 ,[0.25766085 0.12800635 0.12745696 0.13264559 0.13215725 0.22207301]
./img/128/cracker/00331.png,331,"(128, 128)",cracker,./emb/128/hilbert\cracker\00331.npy,hilbert,3,1,012 021 102 120 201 210 ,[0.2948358  0.11012086 0.11060921 0.12184105 0.12232939 0.2402637 ]
./img/128/cracker/00332.png,332,"(128, 128)",cracker,./emb/128/hilbert\cracker\00332.npy,hilbert,3,1,012 021 102 120 201 210 ,[0.29227201 0.11268465 0.11378342 0.12000977 0.12104749 0.24020266]
./img/128/cracker/00333.png,333,"(128, 128)",cracker,./emb/128/hilbert\cracker\00333.npy,hilbert,3,1,012 021 102 120 201 210 ,[0.29947503 0.11024295 0.11286778 0.11842266 0.12104749 0.23794408]
./img/128/cracker/00334.png,334,"(128, 128)",cracker,./emb/128/hilbert\cracker\00334.npy,hilbert,3,1,012 021 102 120 201 210 ,[0.25375412 0.1296545  0.1263582  0.13508729 0.13179099 0.2233549 ]
./img/128/cracker/00335.png,335,"(128, 128)",cracker,./emb/128/hilbert\cracker\00335.npy,hilbert,3,1,012 021 102 120 201 210 ,[0.25827127 0.12806739 0.12403858 0.13386644 0.12983763 0.22591869]
./img/128/cracker/00336.png,336,"(128, 128)",cracker,./emb/128/hilbert\cracker\00336.npy,hilbert,3,1,012 021 102 120 201 210 ,[0.25277744 0.12764009 0.12953241 0.12709071 0.12898303 0.23397632]
./img/128/cracker/00337.png,337,"(128, 128)",cracker,./emb/128/hilbert\cracker\00337.npy,hilbert,3,1,012 021 102 120 201 210 ,[0.23483091 0.13673544 0.13527042 0.14155781 0.14003174 0.21157368]
./img/128/cracker/00338.png,338,"(128, 128)",cracker,./emb/128/hilbert\cracker\00338.npy,hilbert,3,1,012 021 102 120 201 210 ,[0.2262239  0.14399951 0.14052008 0.13966549 0.13612502 0.213466  ]
./img/128/cracker/00339.png,339,"(128, 128)",cracker,./emb/128/hilbert\cracker\00339.npy,hilbert,3,1,012 021 102 120 201 210 ,[0.24172873 0.13356123 0.13038701 0.14247345 0.13923819 0.2126114 ]
./img/128/cracker/00340.png,340,"(128, 128)",cracker,./emb/128/hilbert\cracker\00340.npy,hilbert,3,1,012 021 102 120 201 210 ,[0.24990844 0.12959346 0.1296545  0.13227933 0.13234037 0.2262239 ]
./img/128/cracker/00341.png,341,"(128, 128)",cracker,./emb/128/hilbert\cracker\00341.npy,hilbert,3,1,012 021 102 120 201 210 ,[0.25131242 0.12843365 0.12995971 0.13203516 0.13356123 0.22469784]
./img/128/cracker/00342.png,342,"(128, 128)",cracker,./emb/128/hilbert\cracker\00342.npy,hilbert,3,1,012 021 102 120 201 210 ,[0.25692834 0.12641924 0.12641924 0.13044805 0.13038701 0.22939812]
./img/128/cracker/00343.png,343,"(128, 128)",cracker,./emb/128/hilbert\cracker\00343.npy,hilbert,3,1,012 021 102 120 201 210 ,[0.2143206  0.14760103 0.1436943  0.14967647 0.14576975 0.19893786]
./img/128/cracker/00344.png,344,"(128, 128)",cracker,./emb/128/hilbert\cracker\00344.npy,hilbert,3,1,012 021 102 120 201 210 ,[0.21700647 0.14308387 0.14229032 0.14821145 0.1474179  0.20198999]
./img/128/cracker/00345.png,345,"(128, 128)",cracker,./emb/128/hilbert\cracker\00345.npy,hilbert,3,1,012 021 102 120 201 210 ,[0.22671225 0.14363326 0.1391161  0.14564766 0.14106947 0.20382127]
./img/128/cracker/00346.png,346,"(128, 128)",cracker,./emb/128/hilbert\cracker\00346.npy,hilbert,3,1,012 021 102 120 201 210 ,[0.21798315 0.14442681 0.14253449 0.14924918 0.14729581 0.19851056]
./img/128/cracker/00347.png,347,"(128, 128)",cracker,./emb/128/hilbert\cracker\00347.npy,hilbert,3,1,012 021 102 120 201 210 ,[0.22286656 0.14094738 0.14021487 0.14399951 0.143267   0.20870468]
./img/128/cracker/00348.png,348,"(128, 128)",cracker,./emb/128/hilbert\cracker\00348.npy,hilbert,3,1,012 021 102 120 201 210 ,[0.22536931 0.14332804 0.14277866 0.14149676 0.14088634 0.20614089]
./img/128/cracker/00349.png,349,"(128, 128)",cracker,./emb/128/hilbert\cracker\00349.npy,hilbert,3,1,012 021 102 120 201 210 ,[0.21755585 0.14265657 0.14180198 0.1474179  0.14650226 0.20406544]
./img/128/cracker/00350.png,350,"(128, 128)",cracker,./emb/128/hilbert\cracker\00350.npy,hilbert,3,1,012 021 102 120 201 210 ,[0.21987547 0.146136   0.14186302 0.14992064 0.14558662 0.19661824]
./img/128/cracker/00351.png,351,"(128, 128)",cracker,./emb/128/hilbert\cracker\00351.npy,hilbert,3,1,012 021 102 120 201 210 ,[0.22036381 0.14235136 0.14222928 0.14222928 0.14204615 0.21078012]
./img/128/cracker/00352.png,352,"(128, 128)",cracker,./emb/128/hilbert\cracker\00352.npy,hilbert,3,1,012 021 102 120 201 210 ,[0.21596875 0.14558662 0.14705164 0.14808937 0.14955439 0.19374924]
./img/128/cracker/00353.png,353,"(128, 128)",cracker,./emb/128/hilbert\cracker\00353.npy,hilbert,3,1,012 021 102 120 201 210 ,[0.21273349 0.14595288 0.14729581 0.14546453 0.14674643 0.20180686]
./img/128/cracker/00354.png,354,"(128, 128)",cracker,./emb/128/hilbert\cracker\00354.npy,hilbert,3,1,012 021 102 120 201 210 ,[0.21474789 0.14668539 0.14424368 0.14674643 0.14424368 0.20333293]
./img/128/cracker/00355.png,355,"(128, 128)",cracker,./emb/128/hilbert\cracker\00355.npy,hilbert,3,1,012 021 102 120 201 210 ,[0.20925406 0.14778415 0.14900501 0.14937126 0.15065316 0.19393236]
./img/128/cracker/00356.png,356,"(128, 128)",cracker,./emb/128/hilbert\cracker\00356.npy,hilbert,3,1,012 021 102 120 201 210 ,[0.21792211 0.14302283 0.14143572 0.1494323  0.14790624 0.2002808 ]
./img/128/cracker/00357.png,357,"(128, 128)",cracker,./emb/128/hilbert\cracker\00357.npy,hilbert,3,1,012 021 102 120 201 210 ,[0.21712856 0.14473202 0.14442681 0.14497619 0.14467098 0.20406544]
./img/128/cracker/00358.png,358,"(128, 128)",cracker,./emb/128/hilbert\cracker\00358.npy,hilbert,3,1,012 021 102 120 201 210 ,[0.21822732 0.14338909 0.14363326 0.14882188 0.14900501 0.19692345]
./img/128/cracker/00359.png,359,"(128, 128)",cracker,./emb/128/hilbert\cracker\00359.npy,hilbert,3,1,012 021 102 120 201 210 ,[0.21340496 0.14705164 0.14546453 0.14894396 0.14729581 0.19783909]
./img/128/cracker/00360.png,360,"(128, 128)",cracker,./emb/128/hilbert\cracker\00360.npy,hilbert,3,1,012 021 102 120 201 210 ,[0.22524722 0.14192406 0.13948236 0.14723477 0.14485411 0.20125748]
./img/128/cracker/00361.png,361,"(128, 128)",cracker,./emb/128/hilbert\cracker\00361.npy,hilbert,3,1,012 021 102 120 201 210 ,[0.20669027 0.14888292 0.14876084 0.14918813 0.14912709 0.19735075]
./img/128/cracker/00362.png,362,"(128, 128)",cracker,./emb/128/hilbert\cracker\00362.npy,hilbert,3,1,012 021 102 120 201 210 ,[0.21132951 0.14918813 0.14558662 0.1502869  0.14668539 0.19692345]
./img/128/cracker/00363.png,363,"(128, 128)",cracker,./emb/128/hilbert\cracker\00363.npy,hilbert,3,1,012 021 102 120 201 210 ,[0.21639604 0.14583079 0.14497619 0.14631913 0.14546453 0.20101331]
./img/128/cracker/00364.png,364,"(128, 128)",cracker,./emb/128/hilbert\cracker\00364.npy,hilbert,3,1,012 021 102 120 201 210 ,[0.21102429 0.14796728 0.14503724 0.15162984 0.14869979 0.19564156]
./img/128/cracker/00365.png,365,"(128, 128)",cracker,./emb/128/hilbert\cracker\00365.npy,hilbert,3,1,012 021 102 120 201 210 ,[0.21340496 0.14711268 0.14705164 0.14619705 0.14619705 0.20003663]
./img/128/cracker/00366.png,366,"(128, 128)",cracker,./emb/128/hilbert\cracker\00366.npy,hilbert,3,1,012 021 102 120 201 210 ,[0.21505311 0.14528141 0.14442681 0.14802832 0.14711268 0.20009767]
./img/128/cracker/00367.png,367,"(128, 128)",cracker,./emb/128/hilbert\cracker\00367.npy,hilbert,3,1,012 021 102 120 201 210 ,[0.21340496 0.14992064 0.1436943  0.15126358 0.14503724 0.19667928]
./img/128/cracker/00368.png,368,"(128, 128)",cracker,./emb/128/hilbert\cracker\00368.npy,hilbert,3,1,012 021 102 120 201 210 ,[0.20907093 0.14949335 0.15059211 0.14576975 0.14692956 0.1981443 ]
./img/128/cracker/00369.png,369,"(128, 128)",cracker,./emb/128/hilbert\cracker\00369.npy,hilbert,3,1,012 021 102 120 201 210 ,[0.22652912 0.14076425 0.13856672 0.14802832 0.14583079 0.2002808 ]
./img/128/cracker/00370.png,370,"(128, 128)",cracker,./emb/128/hilbert\cracker\00370.npy,hilbert,3,1,012 021 102 120 201 210 ,[0.21322183 0.14863875 0.14674643 0.15193505 0.14998169 0.18947625]
./img/128/cracker/00371.png,371,"(128, 128)",cracker,./emb/128/hilbert\cracker\00371.npy,hilbert,3,1,012 021 102 120 201 210 ,[0.20955927 0.15285069 0.15083628 0.14595288 0.14399951 0.19680137]
./img/128/cracker/00372.png,372,"(128, 128)",cracker,./emb/128/hilbert\cracker\00372.npy,hilbert,3,1,012 021 102 120 201 210 ,[0.21554145 0.14723477 0.14296179 0.14796728 0.1436943  0.20260042]
./img/128/cracker/00373.png,373,"(128, 128)",cracker,./emb/128/hilbert\cracker\00373.npy,hilbert,3,1,012 021 102 120 201 210 ,[0.21193993 0.14766207 0.14705164 0.15132462 0.15077524 0.19124649]
./img/128/cracker/00374.png,374,"(128, 128)",cracker,./emb/128/hilbert\cracker\00374.npy,hilbert,3,1,012 021 102 120 201 210 ,[0.22164571 0.13887193 0.14210719 0.14631913 0.14949335 0.20156269]
./img/128/cracker/00375.png,375,"(128, 128)",cracker,./emb/128/hilbert\cracker\00375.npy,hilbert,3,1,012 021 102 120 201 210 ,[0.22073007 0.1424124  0.1428397  0.14460994 0.14503724 0.20437065]
./img/128/cracker/00376.png,376,"(128, 128)",cracker,./emb/128/hilbert\cracker\00376.npy,hilbert,3,1,012 021 102 120 201 210 ,[0.21627396 0.14485411 0.14564766 0.14979856 0.15059211 0.1928336 ]
./img/128/cracker/00377.png,377,"(128, 128)",cracker,./emb/128/hilbert\cracker\00377.npy,hilbert,3,1,012 021 102 120 201 210 ,[0.21126847 0.14869979 0.15089733 0.14674643 0.14900501 0.19338298]
./img/128/cracker/00378.png,378,"(128, 128)",cracker,./emb/128/hilbert\cracker\00378.npy,hilbert,3,1,012 021 102 120 201 210 ,[0.21895983 0.14467098 0.14198511 0.14680747 0.1441216  0.20345501]
./img/128/cracker/00379.png,379,"(128, 128)",cracker,./emb/128/hilbert\cracker\00379.npy,hilbert,3,1,012 021 102 120 201 210 ,[0.21975339 0.14338909 0.14583079 0.14375534 0.14619705 0.20107435]
./img/128/cracker/00380.png,380,"(128, 128)",cracker,./emb/128/hilbert\cracker\00380.npy,hilbert,3,1,012 021 102 120 201 210 ,[0.2209132  0.14277866 0.14015383 0.14802832 0.14534245 0.20278354]
./img/128/cracker/00381.png,381,"(128, 128)",cracker,./emb/128/hilbert\cracker\00381.npy,hilbert,3,1,012 021 102 120 201 210 ,[0.22591869 0.14155781 0.13905506 0.14448785 0.14192406 0.20705653]
./img/128/cracker/00382.png,382,"(128, 128)",cracker,./emb/128/hilbert\cracker\00382.npy,hilbert,3,1,012 021 102 120 201 210 ,[0.22756684 0.13746795 0.14155781 0.14259553 0.14674643 0.20406544]
./img/128/cracker/00383.png,383,"(128, 128)",cracker,./emb/128/hilbert\cracker\00383.npy,hilbert,3,1,012 021 102 120 201 210 ,[0.22616286 0.14119155 0.140398   0.14399951 0.14320596 0.20504212]
./img/128/cracker/00384.png,384,"(128, 128)",cracker,./emb/128/hilbert\cracker\00384.npy,hilbert,3,1,012 021 102 120 201 210 ,[0.22872665 0.13960444 0.14009278 0.14064217 0.14119155 0.2097424 ]
./img/128/cracker/00385.png,385,"(128, 128)",cracker,./emb/128/hilbert\cracker\00385.npy,hilbert,3,1,012 021 102 120 201 210 ,[0.21285557 0.14998169 0.14564766 0.14833354 0.14406055 0.19912099]
./img/128/cracker/00386.png,386,"(128, 128)",cracker,./emb/128/hilbert\cracker\00386.npy,hilbert,3,1,012 021 102 120 201 210 ,[0.21816628 0.14363326 0.14601392 0.14625809 0.14863875 0.19728971]
./img/128/cracker/00387.png,387,"(128, 128)",cracker,./emb/128/hilbert\cracker\00387.npy,hilbert,3,1,012 021 102 120 201 210 ,[0.22176779 0.14552558 0.14113051 0.1436943  0.13929923 0.20858259]
./img/128/cracker/00388.png,388,"(128, 128)",cracker,./emb/128/hilbert\cracker\00388.npy,hilbert,3,1,012 021 102 120 201 210 ,[0.23141253 0.14052008 0.13874985 0.14625809 0.14442681 0.19863265]
./img/128/cracker/00389.png,389,"(128, 128)",cracker,./emb/128/hilbert\cracker\00389.npy,hilbert,3,1,012 021 102 120 201 210 ,[0.23196191 0.13771212 0.13807838 0.14186302 0.14216823 0.20821634]
./img/128/cracker/00390.png,390,"(128, 128)",cracker,./emb/128/hilbert\cracker\00390.npy,hilbert,3,1,012 021 102 120 201 210 ,[0.22988646 0.13673544 0.13643023 0.14351117 0.14320596 0.21023074]
./img/128/cracker/00391.png,391,"(128, 128)",cracker,./emb/128/hilbert\cracker\00391.npy,hilbert,3,1,012 021 102 120 201 210 ,[0.22866561 0.137529   0.13923819 0.14161885 0.14338909 0.20955927]
./img/128/cracker/00392.png,392,"(128, 128)",cracker,./emb/128/hilbert\cracker\00392.npy,hilbert,3,1,012 021 102 120 201 210 ,[0.22738371 0.13862776 0.13978757 0.14192406 0.14302283 0.20925406]
./img/128/cracker/00393.png,393,"(128, 128)",cracker,./emb/128/hilbert\cracker\00393.npy,hilbert,3,1,012 021 102 120 201 210 ,[0.23684532 0.1371017  0.1338054  0.13826151 0.13496521 0.21902088]
./img/128/cracker/00394.png,394,"(128, 128)",cracker,./emb/128/hilbert\cracker\00394.npy,hilbert,3,1,012 021 102 120 201 210 ,[0.22591869 0.14088634 0.13990966 0.14314492 0.14216823 0.20797216]
./img/128/cracker/00395.png,395,"(128, 128)",cracker,./emb/128/hilbert\cracker\00395.npy,hilbert,3,1,012 021 102 120 201 210 ,[0.22817727 0.13881089 0.13978757 0.14192406 0.14290074 0.20839946]
./img/128/cracker/00396.png,396,"(128, 128)",cracker,./emb/128/hilbert\cracker\00396.npy,hilbert,3,1,012 021 102 120 201 210 ,[0.23599072 0.13685753 0.13746795 0.13478208 0.13533146 0.21957026]
./img/128/cracker/00397.png,397,"(128, 128)",cracker,./emb/128/hilbert\cracker\00397.npy,hilbert,3,1,012 021 102 120 201 210 ,[0.24050787 0.13704065 0.13520938 0.13826151 0.13643023 0.21255036]
./img/128/cracker/00398.png,398,"(128, 128)",cracker,./emb/128/hilbert\cracker\00398.npy,hilbert,3,1,012 021 102 120 201 210 ,[0.24337688 0.13057014 0.13679648 0.13148578 0.13771212 0.2200586 ]
./img/128/cracker/00399.png,399,"(128, 128)",cracker,./emb/128/hilbert\cracker\00399.npy,hilbert,3,1,012 021 102 120 201 210 ,[0.24661214 0.12886094 0.13118056 0.13319497 0.13545355 0.22469784]
./img/128/cracker/00400.png,400,"(128, 128)",cracker,./emb/128/hilbert\cracker\00400.npy,hilbert,3,1,012 021 102 120 201 210 ,[0.24093517 0.13368331 0.13331706 0.13356123 0.13319497 0.22530827]
./img/128/cracker/00401.png,401,"(128, 128)",cracker,./emb/128/hilbert\cracker\00401.npy,hilbert,3,1,012 021 102 120 201 210 ,[0.24752777 0.12867782 0.13099744 0.1325235  0.13484312 0.22543035]
./img/128/cracker/00402.png,402,"(128, 128)",cracker,./emb/128/hilbert\cracker\00402.npy,hilbert,3,1,012 021 102 120 201 210 ,[0.25051886 0.12782322 0.12660237 0.13429374 0.13307288 0.22768893]
./img/128/cracker/00403.png,403,"(128, 128)",cracker,./emb/128/hilbert\cracker\00403.npy,hilbert,3,1,012 021 102 120 201 210 ,[0.24178977 0.13411061 0.12910512 0.14222928 0.13722378 0.21554145]
./img/128/cracker/00404.png,404,"(128, 128)",cracker,./emb/128/hilbert\cracker\00404.npy,hilbert,3,1,012 021 102 120 201 210 ,[0.24331583 0.13459895 0.13215725 0.14009278 0.13759004 0.21224515]
./img/128/cracker/00405.png,405,"(128, 128)",cracker,./emb/128/hilbert\cracker\00405.npy,hilbert,3,1,012 021 102 120 201 210 ,[0.24288854 0.13319497 0.12934929 0.13820046 0.13435478 0.22201196]
./img/128/linen/00406.png,406,"(128, 128)",linen,./emb/128/hilbert\linen\00406.npy,hilbert,3,1,012 021 102 120 201 210 ,[0.28598462 0.11567574 0.1118911  0.12190209 0.11817849 0.24636796]
./img/128/linen/00407.png,407,"(128, 128)",linen,./emb/128/hilbert\linen\00407.npy,hilbert,3,1,012 021 102 120 201 210 ,[0.28488585 0.11616408 0.11683555 0.11994872 0.12055915 0.24160664]
./img/128/linen/00408.png,408,"(128, 128)",linen,./emb/128/hilbert\linen\00408.npy,hilbert,3,1,012 021 102 120 201 210 ,[0.28195581 0.11463802 0.116042   0.11921621 0.12055915 0.24758882]
./img/128/linen/00409.png,409,"(128, 128)",linen,./emb/128/hilbert\linen\00409.npy,hilbert,3,1,012 021 102 120 201 210 ,[0.25778293 0.12513735 0.12367232 0.12562569 0.12416066 0.24362105]
./img/128/linen/00410.png,410,"(128, 128)",linen,./emb/128/hilbert\linen\00410.npy,hilbert,3,1,012 021 102 120 201 210 ,[0.25546331 0.12232939 0.1230619  0.13148578 0.13221829 0.23544134]
./img/128/linen/00411.png,411,"(128, 128)",linen,./emb/128/hilbert\linen\00411.npy,hilbert,3,1,012 021 102 120 201 210 ,[0.25357099 0.12611403 0.12599194 0.12757905 0.12751801 0.23922598]
./img/128/linen/00412.png,412,"(128, 128)",linen,./emb/128/hilbert\linen\00412.npy,hilbert,3,1,012 021 102 120 201 210 ,[0.28635087 0.11659138 0.11494323 0.12409962 0.12251251 0.23550238]
./img/128/linen/00413.png,413,"(128, 128)",linen,./emb/128/hilbert\linen\00413.npy,hilbert,3,1,012 021 102 120 201 210 ,[0.2931266  0.11378342 0.1151874  0.12171896 0.12318398 0.23299963]
./img/128/linen/00414.png,414,"(128, 128)",linen,./emb/128/hilbert\linen\00414.npy,hilbert,3,1,012 021 102 120 201 210 ,[0.28158955 0.11207423 0.11543157 0.12434379 0.12770114 0.23885972]
./img/128/linen/00415.png,415,"(128, 128)",linen,./emb/128/hilbert\linen\00415.npy,hilbert,3,1,012 021 102 120 201 210 ,[0.25485289 0.12709071 0.12544256 0.12873886 0.12709071 0.23678428]
./img/128/linen/00416.png,416,"(128, 128)",linen,./emb/128/hilbert\linen\00416.npy,hilbert,3,1,012 021 102 120 201 210 ,[0.25332682 0.12666341 0.12440483 0.13124161 0.12904407 0.23531925]
./img/128/linen/00417.png,417,"(128, 128)",linen,./emb/128/hilbert\linen\00417.npy,hilbert,3,1,012 021 102 120 201 210 ,[0.25051886 0.12690758 0.12544256 0.13020388 0.12873886 0.23818826]
./img/128/linen/00418.png,418,"(128, 128)",linen,./emb/128/hilbert\linen\00418.npy,hilbert,3,1,012 021 102 120 201 210 ,[0.23592968 0.13203516 0.13398852 0.13588084 0.13777317 0.22439263]
./img/128/linen/00419.png,419,"(128, 128)",linen,./emb/128/hilbert\linen\00419.npy,hilbert,3,1,012 021 102 120 201 210 ,[0.23629593 0.13270663 0.1316689  0.13942132 0.13844463 0.22146258]
./img/128/linen/00420.png,420,"(128, 128)",linen,./emb/128/hilbert\linen\00420.npy,hilbert,3,1,012 021 102 120 201 210 ,[0.23715053 0.13325601 0.13356123 0.13722378 0.137529   0.22127945]
./img/128/linen/00421.png,421,"(128, 128)",linen,./emb/128/hilbert\linen\00421.npy,hilbert,3,1,012 021 102 120 201 210 ,[0.24710048 0.13063118 0.13069222 0.12959346 0.1296545  0.23232817]
./img/128/linen/00422.png,422,"(128, 128)",linen,./emb/128/hilbert\linen\00422.npy,hilbert,3,1,012 021 102 120 201 210 ,[0.24929801 0.12825052 0.1287999  0.13124161 0.13179099 0.23061897]
./img/128/linen/00423.png,423,"(128, 128)",linen,./emb/128/hilbert\linen\00423.npy,hilbert,3,1,012 021 102 120 201 210 ,[0.2494201  0.1296545  0.12788426 0.12959346 0.12776218 0.23568551]
./img/128/linen/00424.png,424,"(128, 128)",linen,./emb/128/hilbert\linen\00424.npy,hilbert,3,1,012 021 102 120 201 210 ,[0.23580759 0.13771212 0.1353925  0.13459895 0.13227933 0.2242095 ]
./img/128/linen/00425.png,425,"(128, 128)",linen,./emb/128/hilbert\linen\00425.npy,hilbert,3,1,012 021 102 120 201 210 ,[0.23531925 0.13429374 0.13429374 0.13722378 0.13716274 0.22170675]
./img/128/linen/00426.png,426,"(128, 128)",linen,./emb/128/hilbert\linen\00426.npy,hilbert,3,1,012 021 102 120 201 210 ,[0.23397632 0.13716274 0.1329508  0.13942132 0.13527042 0.22121841]
./img/128/linen/00427.png,427,"(128, 128)",linen,./emb/128/hilbert\linen\00427.npy,hilbert,3,1,012 021 102 120 201 210 ,[0.22726163 0.14143572 0.13966549 0.13697961 0.13527042 0.21938713]
./img/128/linen/00428.png,428,"(128, 128)",linen,./emb/128/hilbert\linen\00428.npy,hilbert,3,1,012 021 102 120 201 210 ,[0.2279331  0.13777317 0.13685753 0.13789525 0.13697961 0.22256135]
./img/128/linen/00429.png,429,"(128, 128)",linen,./emb/128/hilbert\linen\00429.npy,hilbert,3,1,012 021 102 120 201 210 ,[0.22939812 0.1358198  0.13832255 0.13630814 0.13887193 0.22127945]
./img/128/linen/00430.png,430,"(128, 128)",linen,./emb/128/hilbert\linen\00430.npy,hilbert,3,1,012 021 102 120 201 210 ,[0.2308021  0.13820046 0.13551459 0.14106947 0.13844463 0.21596875]
./img/128/linen/00431.png,431,"(128, 128)",linen,./emb/128/hilbert\linen\00431.npy,hilbert,3,1,012 021 102 120 201 210 ,[0.23183982 0.13643023 0.13514833 0.14009278 0.13874985 0.21773898]
./img/128/linen/00432.png,432,"(128, 128)",linen,./emb/128/hilbert\linen\00432.npy,hilbert,3,1,012 021 102 120 201 210 ,[0.23226712 0.13643023 0.13777317 0.13704065 0.13844463 0.21804419]
./img/128/linen/00433.png,433,"(128, 128)",linen,./emb/128/hilbert\linen\00433.npy,hilbert,3,1,012 021 102 120 201 210 ,[0.22964229 0.1386888  0.13423269 0.14338909 0.13893298 0.21511415]
./img/128/linen/00434.png,434,"(128, 128)",linen,./emb/128/hilbert\linen\00434.npy,hilbert,3,1,012 021 102 120 201 210 ,[0.22671225 0.13832255 0.13899402 0.14100842 0.14161885 0.21334391]
./img/128/linen/00435.png,435,"(128, 128)",linen,./emb/128/hilbert\linen\00435.npy,hilbert,3,1,012 021 102 120 201 210 ,[0.22353803 0.13874985 0.14186302 0.13917715 0.14229032 0.21438164]
./img/128/linen/00436.png,436,"(128, 128)",linen,./emb/128/hilbert\linen\00436.npy,hilbert,3,1,012 021 102 120 201 210 ,[0.21926505 0.13929923 0.14381638 0.14222928 0.14680747 0.20858259]
./img/128/linen/00437.png,437,"(128, 128)",linen,./emb/128/hilbert\linen\00437.npy,hilbert,3,1,012 021 102 120 201 210 ,[0.22958125 0.13759004 0.1386888  0.14314492 0.14424368 0.20675131]
./img/128/linen/00438.png,438,"(128, 128)",linen,./emb/128/hilbert\linen\00438.npy,hilbert,3,1,012 021 102 120 201 210 ,[0.22451471 0.14180198 0.13820046 0.14137468 0.13777317 0.216335  ]
./img/128/linen/00439.png,439,"(128, 128)",linen,./emb/128/hilbert\linen\00439.npy,hilbert,3,1,012 021 102 120 201 210 ,[0.22298865 0.14021487 0.14167989 0.14180198 0.143267   0.21004761]
./img/128/linen/00440.png,440,"(128, 128)",linen,./emb/128/hilbert\linen\00440.npy,hilbert,3,1,012 021 102 120 201 210 ,[0.22011964 0.14314492 0.14088634 0.1424124  0.14015383 0.21328287]
./img/128/linen/00441.png,441,"(128, 128)",linen,./emb/128/hilbert\linen\00441.npy,hilbert,3,1,012 021 102 120 201 210 ,[0.21883775 0.1428397  0.1441216  0.13960444 0.14088634 0.21371017]
./img/128/linen/00442.png,442,"(128, 128)",linen,./emb/128/hilbert\linen\00442.npy,hilbert,3,1,012 021 102 120 201 210 ,[0.22280552 0.14198511 0.13978757 0.14460994 0.1424124  0.20839946]
./img/128/linen/00443.png,443,"(128, 128)",linen,./emb/128/hilbert\linen\00443.npy,hilbert,3,1,012 021 102 120 201 210 ,[0.21523623 0.14399951 0.14589183 0.14534245 0.14717373 0.20235624]
./img/128/linen/00444.png,444,"(128, 128)",linen,./emb/128/hilbert\linen\00444.npy,hilbert,3,1,012 021 102 120 201 210 ,[0.21639604 0.1436943  0.14345013 0.14442681 0.14418264 0.20785008]
./img/128/linen/00445.png,445,"(128, 128)",linen,./emb/128/hilbert\linen\00445.npy,hilbert,3,1,012 021 102 120 201 210 ,[0.21285557 0.14680747 0.14638017 0.14558662 0.14515932 0.20321084]
./img/128/linen/00446.png,446,"(128, 128)",linen,./emb/128/hilbert\linen\00446.npy,hilbert,3,1,012 021 102 120 201 210 ,[0.2101697  0.14845562 0.14546453 0.14723477 0.14418264 0.20449274]
./img/128/linen/00447.png,447,"(128, 128)",linen,./emb/128/hilbert\linen\00447.npy,hilbert,3,1,012 021 102 120 201 210 ,[0.213466   0.14406055 0.14167989 0.14808937 0.14564766 0.20705653]
./img/128/linen/00448.png,448,"(128, 128)",linen,./emb/128/hilbert\linen\00448.npy,hilbert,3,1,012 021 102 120 201 210 ,[0.21065804 0.14650226 0.14747894 0.14503724 0.14595288 0.20437065]
./img/128/linen/00449.png,449,"(128, 128)",linen,./emb/128/hilbert\linen\00449.npy,hilbert,3,1,012 021 102 120 201 210 ,[0.21438164 0.14528141 0.143267   0.146136   0.1441216  0.20681236]
./img/128/linen/00450.png,450,"(128, 128)",linen,./emb/128/hilbert\linen\00450.npy,hilbert,3,1,012 021 102 120 201 210 ,[0.21444268 0.14644122 0.14448785 0.14802832 0.14607496 0.20052497]
./img/128/linen/00451.png,451,"(128, 128)",linen,./emb/128/hilbert\linen\00451.npy,hilbert,3,1,012 021 102 120 201 210 ,[0.21212306 0.14595288 0.14827249 0.14839458 0.1507142  0.19454279]
./img/128/linen/00452.png,452,"(128, 128)",linen,./emb/128/hilbert\linen\00452.npy,hilbert,3,1,012 021 102 120 201 210 ,[0.2031498  0.14924918 0.1511415  0.15278965 0.15468197 0.18898791]
./img/128/linen/00453.png,453,"(128, 128)",linen,./emb/128/hilbert\linen\00453.npy,hilbert,3,1,012 021 102 120 201 210 ,[0.20681236 0.14839458 0.14686851 0.14888292 0.14729581 0.20174582]
./img/128/linen/00454.png,454,"(128, 128)",linen,./emb/128/hilbert\linen\00454.npy,hilbert,3,1,012 021 102 120 201 210 ,[0.20479795 0.14973752 0.15053107 0.15278965 0.15364424 0.18849957]
./img/128/linen/00455.png,455,"(128, 128)",linen,./emb/128/hilbert\linen\00455.npy,hilbert,3,1,012 021 102 120 201 210 ,[0.19118545 0.1540105  0.15681846 0.15431571 0.15706263 0.18660725]
./img/128/linen/00456.png,456,"(128, 128)",linen,./emb/128/hilbert\linen\00456.npy,hilbert,3,1,012 021 102 120 201 210 ,[0.20583567 0.15077524 0.1511415  0.14766207 0.14808937 0.19649615]
./img/128/linen/00457.png,457,"(128, 128)",linen,./emb/128/hilbert\linen\00457.npy,hilbert,3,1,012 021 102 120 201 210 ,[0.20095226 0.15230131 0.14753998 0.15803931 0.15333903 0.1878281 ]
./img/128/linen/00458.png,458,"(128, 128)",linen,./emb/128/hilbert\linen\00458.npy,hilbert,3,1,012 021 102 120 201 210 ,[0.20327188 0.14955439 0.15150775 0.14717373 0.14912709 0.19936516]
./img/128/linen/00459.png,459,"(128, 128)",linen,./emb/128/hilbert\linen\00459.npy,hilbert,3,1,012 021 102 120 201 210 ,[0.20125748 0.15108045 0.15047003 0.15169088 0.15108045 0.19442071]
./img/128/linen/00460.png,460,"(128, 128)",linen,./emb/128/hilbert\linen\00460.npy,hilbert,3,1,012 021 102 120 201 210 ,[0.19582469 0.15364424 0.15785618 0.15260652 0.15675742 0.18331095]
./img/128/linen/00461.png,461,"(128, 128)",linen,./emb/128/hilbert\linen\00461.npy,hilbert,3,1,012 021 102 120 201 210 ,[0.19716762 0.15620803 0.15480405 0.15498718 0.15364424 0.18318887]
./img/128/linen/00462.png,462,"(128, 128)",linen,./emb/128/hilbert\linen\00462.npy,hilbert,3,1,012 021 102 120 201 210 ,[0.19564156 0.15187401 0.15449884 0.15413258 0.15675742 0.18709559]
./img/128/linen/00463.png,463,"(128, 128)",linen,./emb/128/hilbert\linen\00463.npy,hilbert,3,1,012 021 102 120 201 210 ,[0.17195703 0.16597485 0.16548651 0.167623   0.16713466 0.16182395]
./img/128/linen/00464.png,464,"(128, 128)",linen,./emb/128/hilbert\linen\00464.npy,hilbert,3,1,012 021 102 120 201 210 ,[0.1713466  0.16817238 0.16505921 0.16646319 0.16335002 0.16560859]
./img/128/linen/00465.png,465,"(128, 128)",linen,./emb/128/hilbert\linen\00465.npy,hilbert,3,1,012 021 102 120 201 210 ,[0.17909901 0.16200708 0.16573068 0.16261751 0.16634111 0.16420461]
./img/128/linen/00466.png,466,"(128, 128)",linen,./emb/128/hilbert\linen\00466.npy,hilbert,3,1,012 021 102 120 201 210 ,[0.17714565 0.16182395 0.164754   0.16280063 0.16573068 0.16774509]
./img/128/linen/00467.png,467,"(128, 128)",linen,./emb/128/hilbert\linen\00467.npy,hilbert,3,1,012 021 102 120 201 210 ,[0.19362715 0.15694054 0.15449884 0.16072519 0.15828348 0.1759248 ]
./img/128/linen/00468.png,468,"(128, 128)",linen,./emb/128/hilbert\linen\00468.npy,hilbert,3,1,012 021 102 120 201 210 ,[0.19753388 0.15291173 0.1540105  0.15895495 0.16011476 0.17647418]
./img/128/linen/00469.png,469,"(128, 128)",linen,./emb/128/hilbert\linen\00469.npy,hilbert,3,1,012 021 102 120 201 210 ,[0.1717739  0.16548651 0.17024783 0.16731779 0.17207911 0.15309486]
./img/128/linen/00470.png,470,"(128, 128)",linen,./emb/128/hilbert\linen\00470.npy,hilbert,3,1,012 021 102 120 201 210 ,[0.18044195 0.16139665 0.16457087 0.16743987 0.17067513 0.15547552]
./img/128/linen/00471.png,471,"(128, 128)",linen,./emb/128/hilbert\linen\00471.npy,hilbert,3,1,012 021 102 120 201 210 ,[0.17775607 0.16469296 0.16438774 0.16982053 0.16951532 0.15382737]
./img/128/linen/00472.png,472,"(128, 128)",linen,./emb/128/hilbert\linen\00472.npy,hilbert,3,1,012 021 102 120 201 210 ,[0.1478452  0.17867171 0.17977048 0.17696252 0.17806129 0.1386888 ]
./img/128/linen/00473.png,473,"(128, 128)",linen,./emb/128/hilbert\linen\00473.npy,hilbert,3,1,012 021 102 120 201 210 ,[0.13862776 0.18642412 0.18221218 0.18416555 0.17989257 0.12867782]
./img/128/linen/00474.png,474,"(128, 128)",linen,./emb/128/hilbert\linen\00474.npy,hilbert,3,1,012 021 102 120 201 210 ,[0.14949335 0.17824441 0.17909901 0.17397143 0.17482603 0.14436577]
./img/128/linen/00475.png,475,"(128, 128)",linen,./emb/128/hilbert\linen\00475.npy,hilbert,3,1,012 021 102 120 201 210 ,[0.15437675 0.17641314 0.17323892 0.17757295 0.17445977 0.14393847]
./img/128/linen/00476.png,476,"(128, 128)",linen,./emb/128/hilbert\linen\00476.npy,hilbert,3,1,012 021 102 120 201 210 ,[0.17445977 0.16713466 0.16628006 0.1643267  0.1634721  0.1643267 ]
./img/128/linen/00477.png,477,"(128, 128)",linen,./emb/128/hilbert\linen\00477.npy,hilbert,3,1,012 021 102 120 201 210 ,[0.18025882 0.16200708 0.16353315 0.16463191 0.16621902 0.16335002]
./img/128/linen/00478.png,478,"(128, 128)",linen,./emb/128/hilbert\linen\00478.npy,hilbert,3,1,012 021 102 120 201 210 ,[0.14564766 0.18160176 0.18434868 0.17775607 0.18050299 0.13014284]
./img/128/linen/00479.png,479,"(128, 128)",linen,./emb/128/hilbert\linen\00479.npy,hilbert,3,1,012 021 102 120 201 210 ,[0.15047003 0.18184593 0.18111342 0.17598584 0.17525333 0.13533146]
./img/128/linen/00480.png,480,"(128, 128)",linen,./emb/128/hilbert\linen\00480.npy,hilbert,3,1,012 021 102 120 201 210 ,[0.14937126 0.1820901  0.17757295 0.1812355  0.17665731 0.13307288]
./img/128/linen/00481.png,481,"(128, 128)",linen,./emb/128/hilbert\linen\00481.npy,hilbert,3,1,012 021 102 120 201 210 ,[0.14113051 0.18703455 0.18605787 0.1841045  0.18306678 0.11860579]
./img/128/linen/00482.png,482,"(128, 128)",linen,./emb/128/hilbert\linen\00482.npy,hilbert,3,1,012 021 102 120 201 210 ,[0.13545355 0.18929313 0.19063606 0.18160176 0.1829447  0.12007081]
./img/128/linen/00483.png,483,"(128, 128)",linen,./emb/128/hilbert\linen\00483.npy,hilbert,3,1,012 021 102 120 201 210 ,[0.1515688  0.17745086 0.17769503 0.17684043 0.17714565 0.13929923]
./img/128/linen/00484.png,484,"(128, 128)",linen,./emb/128/hilbert\linen\00484.npy,hilbert,3,1,012 021 102 120 201 210 ,[0.15455988 0.17665731 0.17848859 0.17769503 0.17958735 0.13301184]
./img/128/linen/00485.png,485,"(128, 128)",linen,./emb/128/hilbert\linen\00485.npy,hilbert,3,1,012 021 102 120 201 210 ,[0.16817238 0.17561958 0.17146869 0.16817238 0.16396044 0.15260652]
./img/128/linen/00486.png,486,"(128, 128)",linen,./emb/128/hilbert\linen\00486.npy,hilbert,3,1,012 021 102 120 201 210 ,[0.1750702  0.1689049  0.16566964 0.16542547 0.16225125 0.16267855]
./img/128/orange_peel/00487.png,487,"(128, 128)",orange_peel,./emb/128/hilbert\orange_peel\00487.npy,hilbert,3,1,012 021 102 120 201 210 ,[0.31479673 0.11353925 0.11005982 0.1320962  0.12861677 0.20089122]
./img/128/orange_peel/00488.png,488,"(128, 128)",orange_peel,./emb/128/hilbert\orange_peel\00488.npy,hilbert,3,1,012 021 102 120 201 210 ,[0.3141863  0.12287877 0.12031498 0.13820046 0.13563667 0.16878281]
./img/128/orange_peel/00489.png,489,"(128, 128)",orange_peel,./emb/128/hilbert\orange_peel\00489.npy,hilbert,3,1,012 021 102 120 201 210 ,[0.29001343 0.12770114 0.12458796 0.13697961 0.1338054  0.18691246]
./img/128/orange_peel/00490.png,490,"(128, 128)",orange_peel,./emb/128/hilbert\orange_peel\00490.npy,hilbert,3,1,012 021 102 120 201 210 ,[0.31778782 0.12440483 0.12171896 0.14119155 0.13856672 0.15633012]
./img/128/orange_peel/00491.png,491,"(128, 128)",orange_peel,./emb/128/hilbert\orange_peel\00491.npy,hilbert,3,1,012 021 102 120 201 210 ,[0.30289342 0.12953241 0.13057014 0.14351117 0.14448785 0.14900501]
./img/128/orange_peel/00492.png,492,"(128, 128)",orange_peel,./emb/128/hilbert\orange_peel\00492.npy,hilbert,3,1,012 021 102 120 201 210 ,[0.28598462 0.12916616 0.13148578 0.13887193 0.14119155 0.17329996]
./img/128/orange_peel/00493.png,493,"(128, 128)",orange_peel,./emb/128/hilbert\orange_peel\00493.npy,hilbert,3,1,012 021 102 120 201 210 ,[0.32297644 0.11549261 0.11549261 0.13679648 0.13685753 0.17238432]
./img/128/orange_peel/00494.png,494,"(128, 128)",orange_peel,./emb/128/hilbert\orange_peel\00494.npy,hilbert,3,1,012 021 102 120 201 210 ,[0.29916982 0.11762911 0.11769015 0.13319497 0.13331706 0.1989989 ]
./img/128/orange_peel/00495.png,495,"(128, 128)",orange_peel,./emb/128/hilbert\orange_peel\00495.npy,hilbert,3,1,012 021 102 120 201 210 ,[0.28592357 0.13032597 0.1296545  0.13697961 0.13630814 0.1808082 ]
./img/128/orange_peel/00496.png,496,"(128, 128)",orange_peel,./emb/128/hilbert\orange_peel\00496.npy,hilbert,3,1,012 021 102 120 201 210 ,[0.29294347 0.12068124 0.11500427 0.13435478 0.12873886 0.20827738]
./img/128/orange_peel/00497.png,497,"(128, 128)",orange_peel,./emb/128/hilbert\orange_peel\00497.npy,hilbert,3,1,012 021 102 120 201 210 ,[0.29581248 0.12232939 0.11677451 0.1399707  0.13447686 0.19063606]
./img/128/orange_peel/00498.png,498,"(128, 128)",orange_peel,./emb/128/hilbert\orange_peel\00498.npy,hilbert,3,1,012 021 102 120 201 210 ,[0.26901477 0.12934929 0.12886094 0.13276767 0.13227933 0.20772799]
./img/128/orange_peel/00499.png,499,"(128, 128)",orange_peel,./emb/128/hilbert\orange_peel\00499.npy,hilbert,3,1,012 021 102 120 201 210 ,[0.29703333 0.1292272  0.12409962 0.14131364 0.13618606 0.17214015]
./img/128/orange_peel/00500.png,500,"(128, 128)",orange_peel,./emb/128/hilbert\orange_peel\00500.npy,hilbert,3,1,012 021 102 120 201 210 ,[0.2935539  0.12599194 0.12342815 0.14076425 0.13813942 0.17812233]
./img/128/orange_peel/00501.png,501,"(128, 128)",orange_peel,./emb/128/hilbert\orange_peel\00501.npy,hilbert,3,1,012 021 102 120 201 210 ,[0.26944207 0.13026492 0.13203516 0.13728482 0.13905506 0.19191796]
./img/128/orange_peel/00502.png,502,"(128, 128)",orange_peel,./emb/128/hilbert\orange_peel\00502.npy,hilbert,3,1,012 021 102 120 201 210 ,[0.28848736 0.12556464 0.12031498 0.14003174 0.13478208 0.19081919]
./img/128/orange_peel/00503.png,503,"(128, 128)",orange_peel,./emb/128/hilbert\orange_peel\00503.npy,hilbert,3,1,012 021 102 120 201 210 ,[0.27432548 0.1300818  0.12269564 0.13899402 0.13154682 0.20235624]
./img/128/orange_peel/00504.png,504,"(128, 128)",orange_peel,./emb/128/hilbert\orange_peel\00504.npy,hilbert,3,1,012 021 102 120 201 210 ,[0.27432548 0.12788426 0.12666341 0.13789525 0.1366744  0.1965572 ]
./img/128/orange_peel/00505.png,505,"(128, 128)",orange_peel,./emb/128/hilbert\orange_peel\00505.npy,hilbert,3,1,012 021 102 120 201 210 ,[0.2543035  0.13655231 0.13264559 0.14296179 0.13905506 0.19448175]
./img/128/orange_peel/00506.png,506,"(128, 128)",orange_peel,./emb/128/hilbert\orange_peel\00506.npy,hilbert,3,1,012 021 102 120 201 210 ,[0.26352094 0.13264559 0.1263582  0.14735686 0.14106947 0.18904896]
./img/128/orange_peel/00507.png,507,"(128, 128)",orange_peel,./emb/128/hilbert\orange_peel\00507.npy,hilbert,3,1,012 021 102 120 201 210 ,[0.26083506 0.13160786 0.1283726  0.14375534 0.14052008 0.19490905]
./img/128/orange_peel/00508.png,508,"(128, 128)",orange_peel,./emb/128/hilbert\orange_peel\00508.npy,hilbert,3,1,012 021 102 120 201 210 ,[0.27121231 0.13447686 0.13374435 0.14363326 0.1428397  0.17409352]
./img/128/orange_peel/00509.png,509,"(128, 128)",orange_peel,./emb/128/hilbert\orange_peel\00509.npy,hilbert,3,1,012 021 102 120 201 210 ,[0.27432548 0.1338054  0.13264559 0.14076425 0.1395434  0.17891588]
./img/128/orange_peel/00510.png,510,"(128, 128)",orange_peel,./emb/128/hilbert\orange_peel\00510.npy,hilbert,3,1,012 021 102 120 201 210 ,[0.26223904 0.13362227 0.13404957 0.1436943  0.1441216  0.18227323]
./img/128/orange_peel/00511.png,511,"(128, 128)",orange_peel,./emb/128/hilbert\orange_peel\00511.npy,hilbert,3,1,012 021 102 120 201 210 ,[0.26046881 0.13502625 0.13343914 0.143267   0.14167989 0.18611891]
./img/128/orange_peel/00512.png,512,"(128, 128)",orange_peel,./emb/128/hilbert\orange_peel\00512.npy,hilbert,3,1,012 021 102 120 201 210 ,[0.24301062 0.13771212 0.13887193 0.13905506 0.14027591 0.20107435]
./img/128/orange_peel/00513.png,513,"(128, 128)",orange_peel,./emb/128/hilbert\orange_peel\00513.npy,hilbert,3,1,012 021 102 120 201 210 ,[0.25863753 0.13459895 0.13093639 0.14375534 0.14015383 0.19191796]
./img/128/orange_peel/00514.png,514,"(128, 128)",orange_peel,./emb/128/hilbert\orange_peel\00514.npy,hilbert,3,1,012 021 102 120 201 210 ,[0.25149554 0.1366744  0.13124161 0.14619705 0.14070321 0.19368819]
./img/128/orange_peel/00515.png,515,"(128, 128)",orange_peel,./emb/128/hilbert\orange_peel\00515.npy,hilbert,3,1,012 021 102 120 201 210 ,[0.24447564 0.13917715 0.13807838 0.14424368 0.14314492 0.19088023]
./img/128/orange_peel/00516.png,516,"(128, 128)",orange_peel,./emb/128/hilbert\orange_peel\00516.npy,hilbert,3,1,012 021 102 120 201 210 ,[0.24880967 0.13649127 0.13545355 0.14302283 0.14198511 0.19423758]
./img/128/orange_peel/00517.png,517,"(128, 128)",orange_peel,./emb/128/hilbert\orange_peel\00517.npy,hilbert,3,1,012 021 102 120 201 210 ,[0.25814919 0.1362471  0.13923819 0.14345013 0.14638017 0.17653522]
./img/128/orange_peel/00518.png,518,"(128, 128)",orange_peel,./emb/128/hilbert\orange_peel\00518.npy,hilbert,3,1,012 021 102 120 201 210 ,[0.26437553 0.13203516 0.13350018 0.14467098 0.146136   0.17928214]
./img/128/orange_peel/00519.png,519,"(128, 128)",orange_peel,./emb/128/hilbert\orange_peel\00519.npy,hilbert,3,1,012 021 102 120 201 210 ,[0.24313271 0.13978757 0.13740691 0.14735686 0.14497619 0.18733976]
./img/128/orange_peel/00520.png,520,"(128, 128)",orange_peel,./emb/128/hilbert\orange_peel\00520.npy,hilbert,3,1,012 021 102 120 201 210 ,[0.25424246 0.13899402 0.13655231 0.14686851 0.14436577 0.17897693]
./img/128/orange_peel/00521.png,521,"(128, 128)",orange_peel,./emb/128/hilbert\orange_peel\00521.npy,hilbert,3,1,012 021 102 120 201 210 ,[0.23214504 0.14357221 0.14296179 0.14625809 0.1457087  0.18935417]
./img/128/orange_peel/00522.png,522,"(128, 128)",orange_peel,./emb/128/hilbert\orange_peel\00522.npy,hilbert,3,1,012 021 102 120 201 210 ,[0.24539128 0.13728482 0.13771212 0.14204615 0.14247345 0.19509217]
./img/128/orange_peel/00523.png,523,"(128, 128)",orange_peel,./emb/128/hilbert\orange_peel\00523.npy,hilbert,3,1,012 021 102 120 201 210 ,[0.23611281 0.14161885 0.14363326 0.14467098 0.14668539 0.18727872]
./img/128/orange_peel/00524.png,524,"(128, 128)",orange_peel,./emb/128/hilbert\orange_peel\00524.npy,hilbert,3,1,012 021 102 120 201 210 ,[0.23544134 0.14491515 0.13972653 0.15022586 0.14497619 0.18471493]
./img/128/orange_peel/00525.png,525,"(128, 128)",orange_peel,./emb/128/hilbert\orange_peel\00525.npy,hilbert,3,1,012 021 102 120 201 210 ,[0.24325479 0.13789525 0.13948236 0.1428397  0.14442681 0.19210109]
./img/128/orange_peel/00526.png,526,"(128, 128)",orange_peel,./emb/128/hilbert\orange_peel\00526.npy,hilbert,3,1,012 021 102 120 201 210 ,[0.25729459 0.13728482 0.1358198  0.14924918 0.14772311 0.17262849]
./img/128/orange_peel/00527.png,527,"(128, 128)",orange_peel,./emb/128/hilbert\orange_peel\00527.npy,hilbert,3,1,012 021 102 120 201 210 ,[0.25937004 0.13270663 0.13227933 0.14912709 0.14876084 0.17775607]
./img/128/orange_peel/00528.png,528,"(128, 128)",orange_peel,./emb/128/hilbert\orange_peel\00528.npy,hilbert,3,1,012 021 102 120 201 210 ,[0.2419729  0.13630814 0.13520938 0.14680747 0.14576975 0.19393236]
./img/128/orange_peel/00529.png,529,"(128, 128)",orange_peel,./emb/128/hilbert\orange_peel\00529.npy,hilbert,3,1,012 021 102 120 201 210 ,[0.24783299 0.13929923 0.1395434  0.14839458 0.14857771 0.17635209]
./img/128/orange_peel/00530.png,530,"(128, 128)",orange_peel,./emb/128/hilbert\orange_peel\00530.npy,hilbert,3,1,012 021 102 120 201 210 ,[0.22579661 0.14564766 0.14607496 0.14815041 0.14863875 0.18569161]
./img/128/orange_peel/00531.png,531,"(128, 128)",orange_peel,./emb/128/hilbert\orange_peel\00531.npy,hilbert,3,1,012 021 102 120 201 210 ,[0.24136247 0.137529   0.13948236 0.14357221 0.14558662 0.19246734]
./img/128/orange_peel/00532.png,532,"(128, 128)",orange_peel,./emb/128/hilbert\orange_peel\00532.npy,hilbert,3,1,012 021 102 120 201 210 ,[0.22915395 0.14674643 0.14338909 0.15187401 0.14851666 0.18031986]
./img/128/orange_peel/00533.png,533,"(128, 128)",orange_peel,./emb/128/hilbert\orange_peel\00533.npy,hilbert,3,1,012 021 102 120 201 210 ,[0.22952021 0.14479307 0.14235136 0.15132462 0.14888292 0.18312782]
./img/128/orange_peel/00534.png,534,"(128, 128)",orange_peel,./emb/128/hilbert\orange_peel\00534.npy,hilbert,3,1,012 021 102 120 201 210 ,[0.23885972 0.13874985 0.140398   0.14601392 0.14766207 0.18831644]
./img/128/orange_peel/00535.png,535,"(128, 128)",orange_peel,./emb/128/hilbert\orange_peel\00535.npy,hilbert,3,1,012 021 102 120 201 210 ,[0.26809913 0.13740691 0.13288976 0.14436577 0.13984861 0.17738982]
./img/128/orange_peel/00536.png,536,"(128, 128)",orange_peel,./emb/128/hilbert\orange_peel\00536.npy,hilbert,3,1,012 021 102 120 201 210 ,[0.25369308 0.13844463 0.13704065 0.14448785 0.14308387 0.18324991]
./img/128/orange_peel/00537.png,537,"(128, 128)",orange_peel,./emb/128/hilbert\orange_peel\00537.npy,hilbert,3,1,012 021 102 120 201 210 ,[0.24960322 0.13813942 0.13661336 0.14729581 0.14576975 0.18257844]
./img/128/orange_peel/00538.png,538,"(128, 128)",orange_peel,./emb/128/hilbert\orange_peel\00538.npy,hilbert,3,1,012 021 102 120 201 210 ,[0.24203394 0.14345013 0.13942132 0.1535832  0.14955439 0.17195703]
./img/128/orange_peel/00539.png,539,"(128, 128)",orange_peel,./emb/128/hilbert\orange_peel\00539.npy,hilbert,3,1,012 021 102 120 201 210 ,[0.23196191 0.14113051 0.14015383 0.15309486 0.15211818 0.18154072]
./img/128/orange_peel/00540.png,540,"(128, 128)",orange_peel,./emb/128/hilbert\orange_peel\00540.npy,hilbert,3,1,012 021 102 120 201 210 ,[0.23611281 0.14351117 0.1386888  0.14485411 0.1399707  0.19686241]
./img/128/orange_peel/00541.png,541,"(128, 128)",orange_peel,./emb/128/hilbert\orange_peel\00541.npy,hilbert,3,1,012 021 102 120 201 210 ,[0.22427054 0.1474179  0.14723477 0.14937126 0.14918813 0.1825174 ]
./img/128/orange_peel/00542.png,542,"(128, 128)",orange_peel,./emb/128/hilbert\orange_peel\00542.npy,hilbert,3,1,012 021 102 120 201 210 ,[0.22958125 0.14772311 0.14253449 0.15547552 0.15034794 0.17433769]
./img/128/orange_peel/00543.png,543,"(128, 128)",orange_peel,./emb/128/hilbert\orange_peel\00543.npy,hilbert,3,1,012 021 102 120 201 210 ,[0.23281651 0.14235136 0.14491515 0.146136   0.14863875 0.18514223]
./img/128/orange_peel/00544.png,544,"(128, 128)",orange_peel,./emb/128/hilbert\orange_peel\00544.npy,hilbert,3,1,012 021 102 120 201 210 ,[0.2424002  0.14308387 0.14778415 0.14692956 0.15162984 0.16817238]
./img/128/orange_peel/00545.png,545,"(128, 128)",orange_peel,./emb/128/hilbert\orange_peel\00545.npy,hilbert,3,1,012 021 102 120 201 210 ,[0.24868758 0.14045904 0.1391161  0.15022586 0.14882188 0.17268954]
./img/128/orange_peel/00546.png,546,"(128, 128)",orange_peel,./emb/128/hilbert\orange_peel\00546.npy,hilbert,3,1,012 021 102 120 201 210 ,[0.2386766  0.14180198 0.1408253  0.14851666 0.14747894 0.18270052]
./img/128/orange_peel/00547.png,547,"(128, 128)",orange_peel,./emb/128/hilbert\orange_peel\00547.npy,hilbert,3,1,012 021 102 120 201 210 ,[0.23361006 0.15150775 0.14711268 0.15291173 0.14857771 0.16628006]
./img/128/orange_peel/00548.png,548,"(128, 128)",orange_peel,./emb/128/hilbert\orange_peel\00548.npy,hilbert,3,1,012 021 102 120 201 210 ,[0.21755585 0.15187401 0.14747894 0.15480405 0.15040899 0.17787816]
./img/128/orange_peel/00549.png,549,"(128, 128)",orange_peel,./emb/128/hilbert\orange_peel\00549.npy,hilbert,3,1,012 021 102 120 201 210 ,[0.23507508 0.14589183 0.14125259 0.15047003 0.14583079 0.18147967]
./img/128/orange_peel/00550.png,550,"(128, 128)",orange_peel,./emb/128/hilbert\orange_peel\00550.npy,hilbert,3,1,012 021 102 120 201 210 ,[0.23599072 0.1428397  0.14338909 0.15132462 0.15193505 0.17452082]
./img/128/orange_peel/00551.png,551,"(128, 128)",orange_peel,./emb/128/hilbert\orange_peel\00551.npy,hilbert,3,1,012 021 102 120 201 210 ,[0.22512514 0.15065316 0.14833354 0.1502869  0.14796728 0.17763399]
./img/128/orange_peel/00552.png,552,"(128, 128)",orange_peel,./emb/128/hilbert\orange_peel\00552.npy,hilbert,3,1,012 021 102 120 201 210 ,[0.23110731 0.14436577 0.14357221 0.1498596  0.14906605 0.18202906]
./img/128/orange_peel/00553.png,553,"(128, 128)",orange_peel,./emb/128/hilbert\orange_peel\00553.npy,hilbert,3,1,012 021 102 120 201 210 ,[0.24282749 0.14216823 0.14399951 0.14949335 0.15132462 0.17018679]
./img/128/orange_peel/00554.png,554,"(128, 128)",orange_peel,./emb/128/hilbert\orange_peel\00554.npy,hilbert,3,1,012 021 102 120 201 210 ,[0.24642901 0.14186302 0.13881089 0.1511415  0.14815041 0.17360518]
./img/128/orange_peel/00555.png,555,"(128, 128)",orange_peel,./emb/128/hilbert\orange_peel\00555.npy,hilbert,3,1,012 021 102 120 201 210 ,[0.23513613 0.14149676 0.14143572 0.1502869  0.15022586 0.18141863]
./img/128/orange_peel/00556.png,556,"(128, 128)",orange_peel,./emb/128/hilbert\orange_peel\00556.npy,hilbert,3,1,012 021 102 120 201 210 ,[0.23733366 0.14644122 0.14638017 0.1494323  0.14937126 0.17104139]
./img/128/orange_peel/00557.png,557,"(128, 128)",orange_peel,./emb/128/hilbert\orange_peel\00557.npy,hilbert,3,1,012 021 102 120 201 210 ,[0.2279331  0.1527286  0.14540349 0.15095837 0.14363326 0.17934318]
./img/128/orange_peel/00558.png,558,"(128, 128)",orange_peel,./emb/128/hilbert\orange_peel\00558.npy,hilbert,3,1,012 021 102 120 201 210 ,[0.23342693 0.14247345 0.14119155 0.14961543 0.14827249 0.18502014]
./img/128/orange_peel/00559.png,559,"(128, 128)",orange_peel,./emb/128/hilbert\orange_peel\00559.npy,hilbert,3,1,012 021 102 120 201 210 ,[0.24703943 0.13832255 0.13759004 0.14772311 0.14705164 0.18227323]
./img/128/orange_peel/00560.png,560,"(128, 128)",orange_peel,./emb/128/hilbert\orange_peel\00560.npy,hilbert,3,1,012 021 102 120 201 210 ,[0.24020266 0.13960444 0.14204615 0.14174094 0.14424368 0.19216213]
./img/128/orange_peel/00561.png,561,"(128, 128)",orange_peel,./emb/128/hilbert\orange_peel\00561.npy,hilbert,3,1,012 021 102 120 201 210 ,[0.24178977 0.13948236 0.14027591 0.14497619 0.14576975 0.18770602]
./img/128/orange_peel/00562.png,562,"(128, 128)",orange_peel,./emb/128/hilbert\orange_peel\00562.npy,hilbert,3,1,012 021 102 120 201 210 ,[0.25222806 0.14064217 0.13771212 0.14888292 0.14595288 0.17458186]
./img/128/orange_peel/00563.png,563,"(128, 128)",orange_peel,./emb/128/hilbert\orange_peel\00563.npy,hilbert,3,1,012 021 102 120 201 210 ,[0.25308265 0.13789525 0.1353925  0.1478452  0.14528141 0.18050299]
./img/128/orange_peel/00564.png,564,"(128, 128)",orange_peel,./emb/128/hilbert\orange_peel\00564.npy,hilbert,3,1,012 021 102 120 201 210 ,[0.23995849 0.13972653 0.14332804 0.14607496 0.14961543 0.18129654]
./img/128/orange_peel/00565.png,565,"(128, 128)",orange_peel,./emb/128/hilbert\orange_peel\00565.npy,hilbert,3,1,012 021 102 120 201 210 ,[0.25265535 0.14064217 0.14302283 0.14735686 0.14973752 0.16658528]
./img/128/orange_peel/00566.png,566,"(128, 128)",orange_peel,./emb/128/hilbert\orange_peel\00566.npy,hilbert,3,1,012 021 102 120 201 210 ,[0.23989745 0.14271762 0.14576975 0.14515932 0.14821145 0.17824441]
./img/128/orange_peel/00567.png,567,"(128, 128)",orange_peel,./emb/128/hilbert\orange_peel\00567.npy,hilbert,3,1,012 021 102 120 201 210 ,[0.24337688 0.14296179 0.14088634 0.14753998 0.14546453 0.17977048]
./img/128/sandpaper/00568.png,568,"(128, 128)",sandpaper,./emb/128/hilbert\sandpaper\00568.npy,hilbert,3,1,012 021 102 120 201 210 ,[0.31290441 0.11720181 0.11988768 0.13288976 0.13551459 0.18160176]
./img/128/sandpaper/00569.png,569,"(128, 128)",sandpaper,./emb/128/hilbert\sandpaper\00569.npy,hilbert,3,1,012 021 102 120 201 210 ,[0.31314858 0.1156147  0.11384446 0.13069222 0.12892199 0.19777805]
./img/128/sandpaper/00570.png,570,"(128, 128)",sandpaper,./emb/128/hilbert\sandpaper\00570.npy,hilbert,3,1,012 021 102 120 201 210 ,[0.29074594 0.1147601  0.11671347 0.12806739 0.12995971 0.21975339]
./img/128/sandpaper/00571.png,571,"(128, 128)",sandpaper,./emb/128/hilbert\sandpaper\00571.npy,hilbert,3,1,012 021 102 120 201 210 ,[0.27402027 0.12416066 0.12696862 0.13197412 0.13478208 0.20809425]
./img/128/sandpaper/00572.png,572,"(128, 128)",sandpaper,./emb/128/hilbert\sandpaper\00572.npy,hilbert,3,1,012 021 102 120 201 210 ,[0.25900378 0.12867782 0.12715175 0.13801734 0.13649127 0.21065804]
./img/128/sandpaper/00573.png,573,"(128, 128)",sandpaper,./emb/128/hilbert\sandpaper\00573.npy,hilbert,3,1,012 021 102 120 201 210 ,[0.25595165 0.12959346 0.13093639 0.1292272  0.13063118 0.22366011]
./img/128/sandpaper/00574.png,574,"(128, 128)",sandpaper,./emb/128/hilbert\sandpaper\00574.npy,hilbert,3,1,012 021 102 120 201 210 ,[0.30905872 0.11567574 0.11866683 0.1296545  0.13258454 0.19435966]
./img/128/sandpaper/00575.png,575,"(128, 128)",sandpaper,./emb/128/hilbert\sandpaper\00575.npy,hilbert,3,1,012 021 102 120 201 210 ,[0.3071664  0.11585887 0.11787328 0.13288976 0.13484312 0.19136858]
./img/128/sandpaper/00576.png,576,"(128, 128)",sandpaper,./emb/128/hilbert\sandpaper\00576.npy,hilbert,3,1,012 021 102 120 201 210 ,[0.28683921 0.11878891 0.11579783 0.13014284 0.12709071 0.2213405 ]
./img/128/sandpaper/00577.png,577,"(128, 128)",sandpaper,./emb/128/hilbert\sandpaper\00577.npy,hilbert,3,1,012 021 102 120 201 210 ,[0.25650104 0.13099744 0.13374435 0.13392748 0.1366744  0.20815529]
./img/128/sandpaper/00578.png,578,"(128, 128)",sandpaper,./emb/128/hilbert\sandpaper\00578.npy,hilbert,3,1,012 021 102 120 201 210 ,[0.2494201  0.13459895 0.1362471  0.1366744  0.13826151 0.20479795]
./img/128/sandpaper/00579.png,579,"(128, 128)",sandpaper,./emb/128/hilbert\sandpaper\00579.npy,hilbert,3,1,012 021 102 120 201 210 ,[0.24423147 0.13087535 0.13282871 0.13716274 0.13905506 0.21584666]
./img/128/sandpaper/00580.png,580,"(128, 128)",sandpaper,./emb/128/hilbert\sandpaper\00580.npy,hilbert,3,1,012 021 102 120 201 210 ,[0.22176779 0.14735686 0.1469906  0.14558662 0.14515932 0.19313881]
./img/128/sandpaper/00581.png,581,"(128, 128)",sandpaper,./emb/128/hilbert\sandpaper\00581.npy,hilbert,3,1,012 021 102 120 201 210 ,[0.21627396 0.14808937 0.14460994 0.14766207 0.14424368 0.19912099]
./img/128/sandpaper/00582.png,582,"(128, 128)",sandpaper,./emb/128/hilbert\sandpaper\00582.npy,hilbert,3,1,012 021 102 120 201 210 ,[0.21193993 0.14515932 0.14558662 0.14790624 0.14833354 0.20107435]
./img/128/sandpaper/00583.png,583,"(128, 128)",sandpaper,./emb/128/hilbert\sandpaper\00583.npy,hilbert,3,1,012 021 102 120 201 210 ,[0.25198388 0.13374435 0.13429374 0.14192406 0.14253449 0.19551947]
./img/128/sandpaper/00584.png,584,"(128, 128)",sandpaper,./emb/128/hilbert\sandpaper\00584.npy,hilbert,3,1,012 021 102 120 201 210 ,[0.24356    0.13734587 0.1366744  0.13966549 0.13905506 0.20369918]
./img/128/sandpaper/00585.png,585,"(128, 128)",sandpaper,./emb/128/hilbert\sandpaper\00585.npy,hilbert,3,1,012 021 102 120 201 210 ,[0.2353803  0.13765108 0.13789525 0.14070321 0.14100842 0.20736174]
./img/128/sandpaper/00586.png,586,"(128, 128)",sandpaper,./emb/128/hilbert\sandpaper\00586.npy,hilbert,3,1,012 021 102 120 201 210 ,[0.22085215 0.14522036 0.14595288 0.14961543 0.15040899 0.18795019]
./img/128/sandpaper/00587.png,587,"(128, 128)",sandpaper,./emb/128/hilbert\sandpaper\00587.npy,hilbert,3,1,012 021 102 120 201 210 ,[0.21981443 0.1465633  0.14399951 0.15419363 0.15162984 0.18379929]
./img/128/sandpaper/00588.png,588,"(128, 128)",sandpaper,./emb/128/hilbert\sandpaper\00588.npy,hilbert,3,1,012 021 102 120 201 210 ,[0.210597   0.14638017 0.14906605 0.1478452  0.15047003 0.19564156]
./img/128/sandpaper/00589.png,589,"(128, 128)",sandpaper,./emb/128/hilbert\sandpaper\00589.npy,hilbert,3,1,012 021 102 120 201 210 ,[0.219204   0.1478452  0.14552558 0.15217922 0.14992064 0.18532536]
./img/128/sandpaper/00590.png,590,"(128, 128)",sandpaper,./emb/128/hilbert\sandpaper\00590.npy,hilbert,3,1,012 021 102 120 201 210 ,[0.21700647 0.14650226 0.14503724 0.14918813 0.14772311 0.19454279]
./img/128/sandpaper/00591.png,591,"(128, 128)",sandpaper,./emb/128/hilbert\sandpaper\00591.npy,hilbert,3,1,012 021 102 120 201 210 ,[0.21541936 0.14808937 0.14576975 0.14644122 0.14406055 0.20021975]
./img/128/sandpaper/00592.png,592,"(128, 128)",sandpaper,./emb/128/hilbert\sandpaper\00592.npy,hilbert,3,1,012 021 102 120 201 210 ,[0.21914296 0.14668539 0.14497619 0.15211818 0.15034794 0.18672934]
./img/128/sandpaper/00593.png,593,"(128, 128)",sandpaper,./emb/128/hilbert\sandpaper\00593.npy,hilbert,3,1,012 021 102 120 201 210 ,[0.22274448 0.14845562 0.14772311 0.14753998 0.14674643 0.18679038]
./img/128/sandpaper/00594.png,594,"(128, 128)",sandpaper,./emb/128/hilbert\sandpaper\00594.npy,hilbert,3,1,012 021 102 120 201 210 ,[0.213466   0.14515932 0.14711268 0.14705164 0.14900501 0.19820535]
./img/128/sandpaper/00595.png,595,"(128, 128)",sandpaper,./emb/128/hilbert\sandpaper\00595.npy,hilbert,3,1,012 021 102 120 201 210 ,[0.21004761 0.15065316 0.14821145 0.15498718 0.15254548 0.18355512]
./img/128/sandpaper/00596.png,596,"(128, 128)",sandpaper,./emb/128/hilbert\sandpaper\00596.npy,hilbert,3,1,012 021 102 120 201 210 ,[0.20949823 0.15394946 0.15175192 0.15217922 0.15004273 0.18257844]
./img/128/sandpaper/00597.png,597,"(128, 128)",sandpaper,./emb/128/hilbert\sandpaper\00597.npy,hilbert,3,1,012 021 102 120 201 210 ,[0.20479795 0.15132462 0.15138567 0.15022586 0.1502869  0.191979  ]
./img/128/sandpaper/00598.png,598,"(128, 128)",sandpaper,./emb/128/hilbert\sandpaper\00598.npy,hilbert,3,1,012 021 102 120 201 210 ,[0.21480894 0.14955439 0.14747894 0.15394946 0.15187401 0.18233427]
./img/128/sandpaper/00599.png,599,"(128, 128)",sandpaper,./emb/128/hilbert\sandpaper\00599.npy,hilbert,3,1,012 021 102 120 201 210 ,[0.20638506 0.15059211 0.15199609 0.15205714 0.15346112 0.18550848]
./img/128/sandpaper/00600.png,600,"(128, 128)",sandpaper,./emb/128/hilbert\sandpaper\00600.npy,hilbert,3,1,012 021 102 120 201 210 ,[0.20504212 0.15047003 0.14894396 0.15529239 0.15382737 0.18642412]
./img/128/sandpaper/00601.png,601,"(128, 128)",sandpaper,./emb/128/hilbert\sandpaper\00601.npy,hilbert,3,1,012 021 102 120 201 210 ,[0.21395434 0.15254548 0.15065316 0.15144671 0.14955439 0.18184593]
./img/128/sandpaper/00602.png,602,"(128, 128)",sandpaper,./emb/128/hilbert\sandpaper\00602.npy,hilbert,3,1,012 021 102 120 201 210 ,[0.22347699 0.14534245 0.1469906  0.15340007 0.15510927 0.17568063]
./img/128/sandpaper/00603.png,603,"(128, 128)",sandpaper,./emb/128/hilbert\sandpaper\00603.npy,hilbert,3,1,012 021 102 120 201 210 ,[0.20595776 0.15108045 0.15291173 0.14869979 0.15053107 0.19081919]
./img/128/sandpaper/00604.png,604,"(128, 128)",sandpaper,./emb/128/hilbert\sandpaper\00604.npy,hilbert,3,1,012 021 102 120 201 210 ,[0.21322183 0.15266756 0.15083628 0.15425467 0.15248443 0.17653522]
./img/128/sandpaper/00605.png,605,"(128, 128)",sandpaper,./emb/128/hilbert\sandpaper\00605.npy,hilbert,3,1,012 021 102 120 201 210 ,[0.20534733 0.15004273 0.1527286  0.15779514 0.16048102 0.17360518]
./img/128/sandpaper/00606.png,606,"(128, 128)",sandpaper,./emb/128/hilbert\sandpaper\00606.npy,hilbert,3,1,012 021 102 120 201 210 ,[0.1932609  0.15694054 0.15718471 0.15474301 0.15498718 0.18288365]
./img/128/sandpaper/00607.png,607,"(128, 128)",sandpaper,./emb/128/hilbert\sandpaper\00607.npy,hilbert,3,1,012 021 102 120 201 210 ,[0.21309974 0.15236235 0.15181297 0.15626908 0.15571969 0.17073617]
./img/128/sandpaper/00608.png,608,"(128, 128)",sandpaper,./emb/128/hilbert\sandpaper\00608.npy,hilbert,3,1,012 021 102 120 201 210 ,[0.20650714 0.15126358 0.15352216 0.15126358 0.1535832  0.18386033]
./img/128/sandpaper/00609.png,609,"(128, 128)",sandpaper,./emb/128/hilbert\sandpaper\00609.npy,hilbert,3,1,012 021 102 120 201 210 ,[0.20131852 0.15217922 0.15175192 0.15510927 0.15462093 0.18502014]
./img/128/sandpaper/00610.png,610,"(128, 128)",sandpaper,./emb/128/hilbert\sandpaper\00610.npy,hilbert,3,1,012 021 102 120 201 210 ,[0.20925406 0.1531559  0.15370529 0.15150775 0.15205714 0.18031986]
./img/128/sandpaper/00611.png,611,"(128, 128)",sandpaper,./emb/128/hilbert\sandpaper\00611.npy,hilbert,3,1,012 021 102 120 201 210 ,[0.21371017 0.15175192 0.15260652 0.15211818 0.15303382 0.17677939]
./img/128/sandpaper/00612.png,612,"(128, 128)",sandpaper,./emb/128/hilbert\sandpaper\00612.npy,hilbert,3,1,012 021 102 120 201 210 ,[0.19936516 0.15608595 0.15584178 0.15248443 0.15230131 0.18392138]
./img/128/sandpaper/00613.png,613,"(128, 128)",sandpaper,./emb/128/hilbert\sandpaper\00613.npy,hilbert,3,1,012 021 102 120 201 210 ,[0.20821634 0.15230131 0.15413258 0.15675742 0.15852765 0.17006471]
./img/128/sandpaper/00614.png,614,"(128, 128)",sandpaper,./emb/128/hilbert\sandpaper\00614.npy,hilbert,3,1,012 021 102 120 201 210 ,[0.20339397 0.15431571 0.15669637 0.15669637 0.15907704 0.16982053]
./img/128/sandpaper/00615.png,615,"(128, 128)",sandpaper,./emb/128/hilbert\sandpaper\00615.npy,hilbert,3,1,012 021 102 120 201 210 ,[0.19136858 0.15761201 0.15846661 0.15901599 0.15987059 0.17366622]
./img/128/sandpaper/00616.png,616,"(128, 128)",sandpaper,./emb/128/hilbert\sandpaper\00616.npy,hilbert,3,1,012 021 102 120 201 210 ,[0.21444268 0.14955439 0.15187401 0.15700159 0.15926016 0.16786717]
./img/128/sandpaper/00617.png,617,"(128, 128)",sandpaper,./emb/128/hilbert\sandpaper\00617.npy,hilbert,3,1,012 021 102 120 201 210 ,[0.19600781 0.15565865 0.1564522  0.15431571 0.15510927 0.18245635]
./img/128/sandpaper/00618.png,618,"(128, 128)",sandpaper,./emb/128/hilbert\sandpaper\00618.npy,hilbert,3,1,012 021 102 120 201 210 ,[0.19179587 0.15694054 0.15724576 0.1564522  0.15675742 0.1808082 ]
./img/128/sandpaper/00619.png,619,"(128, 128)",sandpaper,./emb/128/hilbert\sandpaper\00619.npy,hilbert,3,1,012 021 102 120 201 210 ,[0.21200098 0.15407154 0.15449884 0.1548651  0.15529239 0.16927115]
./img/128/sandpaper/00620.png,620,"(128, 128)",sandpaper,./emb/128/hilbert\sandpaper\00620.npy,hilbert,3,1,012 021 102 120 201 210 ,[0.20919302 0.15321695 0.15431571 0.15376633 0.15480405 0.17470394]
./img/128/sandpaper/00621.png,621,"(128, 128)",sandpaper,./emb/128/hilbert\sandpaper\00621.npy,hilbert,3,1,012 021 102 120 201 210 ,[0.19374924 0.16029789 0.15663533 0.15846661 0.1548651  0.17598584]
./img/128/sandpaper/00622.png,622,"(128, 128)",sandpaper,./emb/128/hilbert\sandpaper\00622.npy,hilbert,3,1,012 021 102 120 201 210 ,[0.20388231 0.15706263 0.15626908 0.15449884 0.15370529 0.17458186]
./img/128/sandpaper/00623.png,623,"(128, 128)",sandpaper,./emb/128/hilbert\sandpaper\00623.npy,hilbert,3,1,012 021 102 120 201 210 ,[0.20125748 0.15578073 0.15651325 0.15736784 0.15810035 0.17098034]
./img/128/sandpaper/00624.png,624,"(128, 128)",sandpaper,./emb/128/hilbert\sandpaper\00624.npy,hilbert,3,1,012 021 102 120 201 210 ,[0.19606886 0.15944329 0.15364424 0.15681846 0.15101941 0.18300574]
./img/128/sandpaper/00625.png,625,"(128, 128)",sandpaper,./emb/128/hilbert\sandpaper\00625.npy,hilbert,3,1,012 021 102 120 201 210 ,[0.22085215 0.15132462 0.15120254 0.15236235 0.15224026 0.17201807]
./img/128/sandpaper/00626.png,626,"(128, 128)",sandpaper,./emb/128/hilbert\sandpaper\00626.npy,hilbert,3,1,012 021 102 120 201 210 ,[0.19533634 0.15553656 0.15962642 0.15468197 0.15871078 0.17610792]
./img/128/sandpaper/00627.png,627,"(128, 128)",sandpaper,./emb/128/hilbert\sandpaper\00627.npy,hilbert,3,1,012 021 102 120 201 210 ,[0.19619094 0.15681846 0.15633012 0.15785618 0.15736784 0.17543645]
./img/128/sandpaper/00628.png,628,"(128, 128)",sandpaper,./emb/128/hilbert\sandpaper\00628.npy,hilbert,3,1,012 021 102 120 201 210 ,[0.21938713 0.15352216 0.15181297 0.15352216 0.15181297 0.16994262]
./img/128/sandpaper/00629.png,629,"(128, 128)",sandpaper,./emb/128/hilbert\sandpaper\00629.npy,hilbert,3,1,012 021 102 120 201 210 ,[0.21187889 0.15419363 0.15626908 0.15370529 0.15578073 0.16817238]
./img/128/sandpaper/00630.png,630,"(128, 128)",sandpaper,./emb/128/hilbert\sandpaper\00630.npy,hilbert,3,1,012 021 102 120 201 210 ,[0.18880479 0.16450983 0.15932121 0.15864974 0.15340007 0.17531437]
./img/128/sandpaper/00631.png,631,"(128, 128)",sandpaper,./emb/128/hilbert\sandpaper\00631.npy,hilbert,3,1,012 021 102 120 201 210 ,[0.2040044  0.15626908 0.15779514 0.1577341  0.15932121 0.16487608]
./img/128/sandpaper/00632.png,632,"(128, 128)",sandpaper,./emb/128/hilbert\sandpaper\00632.npy,hilbert,3,1,012 021 102 120 201 210 ,[0.2051642  0.1544378  0.15376633 0.16200708 0.16139665 0.16322793]
./img/128/sandpaper/00633.png,633,"(128, 128)",sandpaper,./emb/128/hilbert\sandpaper\00633.npy,hilbert,3,1,012 021 102 120 201 210 ,[0.18709559 0.16115248 0.15926016 0.1638994  0.16200708 0.16658528]
./img/128/sandpaper/00634.png,634,"(128, 128)",sandpaper,./emb/128/hilbert\sandpaper\00634.npy,hilbert,3,1,012 021 102 120 201 210 ,[0.21566353 0.15248443 0.15376633 0.1573068  0.15858869 0.16219021]
./img/128/sandpaper/00635.png,635,"(128, 128)",sandpaper,./emb/128/hilbert\sandpaper\00635.npy,hilbert,3,1,012 021 102 120 201 210 ,[0.19808326 0.15938225 0.15724576 0.16041997 0.15834452 0.16652423]
./img/128/sandpaper/00636.png,636,"(128, 128)",sandpaper,./emb/128/hilbert\sandpaper\00636.npy,hilbert,3,1,012 021 102 120 201 210 ,[0.18929313 0.15858869 0.16133561 0.16096936 0.16371627 0.16609694]
./img/128/sandpaper/00637.png,637,"(128, 128)",sandpaper,./emb/128/hilbert\sandpaper\00637.npy,hilbert,3,1,012 021 102 120 201 210 ,[0.21114638 0.15468197 0.15724576 0.15633012 0.15883287 0.16176291]
./img/128/sandpaper/00638.png,638,"(128, 128)",sandpaper,./emb/128/hilbert\sandpaper\00638.npy,hilbert,3,1,012 021 102 120 201 210 ,[0.20223416 0.1597485  0.15523135 0.16023685 0.15578073 0.1667684 ]
./img/128/sandpaper/00639.png,639,"(128, 128)",sandpaper,./emb/128/hilbert\sandpaper\00639.npy,hilbert,3,1,012 021 102 120 201 210 ,[0.18306678 0.16402149 0.16316689 0.15864974 0.1577341  0.17336101]
./img/128/sandpaper/00640.png,640,"(128, 128)",sandpaper,./emb/128/hilbert\sandpaper\00640.npy,hilbert,3,1,012 021 102 120 201 210 ,[0.20766695 0.1577341  0.15614699 0.15938225 0.1577341  0.16133561]
./img/128/sandpaper/00641.png,641,"(128, 128)",sandpaper,./emb/128/hilbert\sandpaper\00641.npy,hilbert,3,1,012 021 102 120 201 210 ,[0.20870468 0.15504822 0.15810035 0.15706263 0.16005372 0.1610304 ]
./img/128/sandpaper/00642.png,642,"(128, 128)",sandpaper,./emb/128/hilbert\sandpaper\00642.npy,hilbert,3,1,012 021 102 120 201 210 ,[0.18685142 0.16231229 0.16328898 0.16121353 0.16219021 0.16414357]
./img/128/sandpaper/00643.png,643,"(128, 128)",sandpaper,./emb/128/hilbert\sandpaper\00643.npy,hilbert,3,1,012 021 102 120 201 210 ,[0.21377121 0.15553656 0.15425467 0.15864974 0.15736784 0.16041997]
./img/128/sandpaper/00644.png,644,"(128, 128)",sandpaper,./emb/128/hilbert\sandpaper\00644.npy,hilbert,3,1,012 021 102 120 201 210 ,[0.19674032 0.16084727 0.15694054 0.16322793 0.15926016 0.16298376]
./img/128/sandpaper/00645.png,645,"(128, 128)",sandpaper,./emb/128/hilbert\sandpaper\00645.npy,hilbert,3,1,012 021 102 120 201 210 ,[0.1841045  0.16512025 0.16463191 0.15858869 0.15803931 0.16951532]
./img/128/sandpaper/00646.png,646,"(128, 128)",sandpaper,./emb/128/hilbert\sandpaper\00646.npy,hilbert,3,1,012 021 102 120 201 210 ,[0.21450372 0.15498718 0.15480405 0.1573068  0.15712367 0.16127457]
./img/128/sandpaper/00647.png,647,"(128, 128)",sandpaper,./emb/128/hilbert\sandpaper\00647.npy,hilbert,3,1,012 021 102 120 201 210 ,[0.20986449 0.16023685 0.15706263 0.15858869 0.15541448 0.15883287]
./img/128/sandpaper/00648.png,648,"(128, 128)",sandpaper,./emb/128/hilbert\sandpaper\00648.npy,hilbert,3,1,012 021 102 120 201 210 ,[0.1911244  0.16072519 0.15987059 0.1610304  0.16011476 0.16713466]
./img/128/sponge/00649.png,649,"(128, 128)",sponge,./emb/128/hilbert\sponge\00649.npy,hilbert,3,1,012 021 102 120 201 210 ,[0.29733854 0.11915517 0.12171896 0.13124161 0.13386644 0.19667928]
./img/128/sponge/00650.png,650,"(128, 128)",sponge,./emb/128/hilbert\sponge\00650.npy,hilbert,3,1,012 021 102 120 201 210 ,[0.29117324 0.11842266 0.11921621 0.13502625 0.1358198  0.20034184]
./img/128/sponge/00651.png,651,"(128, 128)",sponge,./emb/128/hilbert\sponge\00651.npy,hilbert,3,1,012 021 102 120 201 210 ,[0.27353193 0.12300085 0.12562569 0.12721279 0.12983763 0.22079111]
./img/128/sponge/00652.png,652,"(128, 128)",sponge,./emb/128/hilbert\sponge\00652.npy,hilbert,3,1,012 021 102 120 201 210 ,[0.23916494 0.1395434  0.14235136 0.143267   0.14601392 0.18965938]
./img/128/sponge/00653.png,653,"(128, 128)",sponge,./emb/128/hilbert\sponge\00653.npy,hilbert,3,1,012 021 102 120 201 210 ,[0.23385423 0.13759004 0.13899402 0.14308387 0.1445489  0.20192895]
./img/128/sponge/00654.png,654,"(128, 128)",sponge,./emb/128/hilbert\sponge\00654.npy,hilbert,3,1,012 021 102 120 201 210 ,[0.23074106 0.13899402 0.14198511 0.14247345 0.14552558 0.2002808 ]
./img/128/sponge/00655.png,655,"(128, 128)",sponge,./emb/128/hilbert\sponge\00655.npy,hilbert,3,1,012 021 102 120 201 210 ,[0.2972775  0.1184837  0.11414968 0.13899402 0.13465999 0.19643511]
./img/128/sponge/00656.png,656,"(128, 128)",sponge,./emb/128/hilbert\sponge\00656.npy,hilbert,3,1,012 021 102 120 201 210 ,[0.3018557  0.1226346  0.12330607 0.13722378 0.13795629 0.17702356]
./img/128/sponge/00657.png,657,"(128, 128)",sponge,./emb/128/hilbert\sponge\00657.npy,hilbert,3,1,012 021 102 120 201 210 ,[0.27084605 0.12477109 0.11909413 0.13575876 0.1300818  0.21944817]
./img/128/sponge/00658.png,658,"(128, 128)",sponge,./emb/128/hilbert\sponge\00658.npy,hilbert,3,1,012 021 102 120 201 210 ,[0.23129044 0.14229032 0.14259553 0.14900501 0.14931022 0.18550848]
./img/128/sponge/00659.png,659,"(128, 128)",sponge,./emb/128/hilbert\sponge\00659.npy,hilbert,3,1,012 021 102 120 201 210 ,[0.22115737 0.1498596  0.14766207 0.15040899 0.14827249 0.18263948]
./img/128/sponge/00660.png,660,"(128, 128)",sponge,./emb/128/hilbert\sponge\00660.npy,hilbert,3,1,012 021 102 120 201 210 ,[0.21371017 0.14753998 0.1494323  0.14851666 0.15040899 0.19039189]
./img/128/sponge/00661.png,661,"(128, 128)",sponge,./emb/128/hilbert\sponge\00661.npy,hilbert,3,1,012 021 102 120 201 210 ,[0.21517519 0.15034794 0.14869979 0.15120254 0.14949335 0.18508119]
./img/128/sponge/00662.png,662,"(128, 128)",sponge,./emb/128/hilbert\sponge\00662.npy,hilbert,3,1,012 021 102 120 201 210 ,[0.21523623 0.14686851 0.14399951 0.15370529 0.15083628 0.18935417]
./img/128/sponge/00663.png,663,"(128, 128)",sponge,./emb/128/hilbert\sponge\00663.npy,hilbert,3,1,012 021 102 120 201 210 ,[0.21377121 0.14833354 0.14869979 0.1478452  0.14821145 0.19313881]
./img/128/sponge/00664.png,664,"(128, 128)",sponge,./emb/128/hilbert\sponge\00664.npy,hilbert,3,1,012 021 102 120 201 210 ,[0.22274448 0.14827249 0.14839458 0.1511415  0.15120254 0.17824441]
./img/128/sponge/00665.png,665,"(128, 128)",sponge,./emb/128/hilbert\sponge\00665.npy,hilbert,3,1,012 021 102 120 201 210 ,[0.22659016 0.14924918 0.1457087  0.15340007 0.1498596  0.17519228]
./img/128/sponge/00666.png,666,"(128, 128)",sponge,./emb/128/hilbert\sponge\00666.npy,hilbert,3,1,012 021 102 120 201 210 ,[0.20949823 0.14906605 0.14906605 0.1498596  0.1498596  0.19265047]
./img/128/sponge/00667.png,667,"(128, 128)",sponge,./emb/128/hilbert\sponge\00667.npy,hilbert,3,1,012 021 102 120 201 210 ,[0.23281651 0.14229032 0.14601392 0.14619705 0.14992064 0.18276157]
./img/128/sponge/00668.png,668,"(128, 128)",sponge,./emb/128/hilbert\sponge\00668.npy,hilbert,3,1,012 021 102 120 201 210 ,[0.22726163 0.14174094 0.14619705 0.14668539 0.1511415  0.18697351]
./img/128/sponge/00669.png,669,"(128, 128)",sponge,./emb/128/hilbert\sponge\00669.npy,hilbert,3,1,012 021 102 120 201 210 ,[0.22823831 0.14192406 0.14345013 0.14686851 0.14839458 0.1911244 ]
./img/128/sponge/00670.png,670,"(128, 128)",sponge,./emb/128/hilbert\sponge\00670.npy,hilbert,3,1,012 021 102 120 201 210 ,[0.22231718 0.14802832 0.14949335 0.14735686 0.14882188 0.18398242]
./img/128/sponge/00671.png,671,"(128, 128)",sponge,./emb/128/hilbert\sponge\00671.npy,hilbert,3,1,012 021 102 120 201 210 ,[0.22176779 0.1478452  0.1441216  0.1531559  0.1494323  0.18367721]
./img/128/sponge/00672.png,672,"(128, 128)",sponge,./emb/128/hilbert\sponge\00672.npy,hilbert,3,1,012 021 102 120 201 210 ,[0.21816628 0.14906605 0.14888292 0.14747894 0.14729581 0.18911   ]
./img/128/sponge/00673.png,673,"(128, 128)",sponge,./emb/128/hilbert\sponge\00673.npy,hilbert,3,1,012 021 102 120 201 210 ,[0.23183982 0.14381638 0.1469906  0.1469906  0.15010377 0.18025882]
./img/128/sponge/00674.png,674,"(128, 128)",sponge,./emb/128/hilbert\sponge\00674.npy,hilbert,3,1,012 021 102 120 201 210 ,[0.24099622 0.1436943  0.14003174 0.15468197 0.15101941 0.16957636]
./img/128/sponge/00675.png,675,"(128, 128)",sponge,./emb/128/hilbert\sponge\00675.npy,hilbert,3,1,012 021 102 120 201 210 ,[0.22274448 0.1424124  0.14296179 0.14894396 0.14949335 0.19344402]
./img/128/sponge/00676.png,676,"(128, 128)",sponge,./emb/128/hilbert\sponge\00676.npy,hilbert,3,1,012 021 102 120 201 210 ,[0.23330485 0.14522036 0.1441216  0.15034794 0.14924918 0.17775607]
./img/128/sponge/00677.png,677,"(128, 128)",sponge,./emb/128/hilbert\sponge\00677.npy,hilbert,3,1,012 021 102 120 201 210 ,[0.23440361 0.14357221 0.14131364 0.14851666 0.14625809 0.18593578]
./img/128/sponge/00678.png,678,"(128, 128)",sponge,./emb/128/hilbert\sponge\00678.npy,hilbert,3,1,012 021 102 120 201 210 ,[0.21792211 0.14705164 0.14125259 0.15065316 0.14479307 0.19832743]
./img/128/sponge/00679.png,679,"(128, 128)",sponge,./emb/128/hilbert\sponge\00679.npy,hilbert,3,1,012 021 102 120 201 210 ,[0.2308021  0.14375534 0.14119155 0.15285069 0.1502869  0.18111342]
./img/128/sponge/00680.png,680,"(128, 128)",sponge,./emb/128/hilbert\sponge\00680.npy,hilbert,3,1,012 021 102 120 201 210 ,[0.22536931 0.14247345 0.14638017 0.14808937 0.15193505 0.18575266]
./img/128/sponge/00681.png,681,"(128, 128)",sponge,./emb/128/hilbert\sponge\00681.npy,hilbert,3,1,012 021 102 120 201 210 ,[0.21126847 0.14937126 0.15010377 0.14796728 0.14869979 0.19258943]
./img/128/sponge/00682.png,682,"(128, 128)",sponge,./emb/128/hilbert\sponge\00682.npy,hilbert,3,1,012 021 102 120 201 210 ,[0.22268343 0.14778415 0.14845562 0.15260652 0.15333903 0.17513124]
./img/128/sponge/00683.png,683,"(128, 128)",sponge,./emb/128/hilbert\sponge\00683.npy,hilbert,3,1,012 021 102 120 201 210 ,[0.22915395 0.14772311 0.14662434 0.15407154 0.15297277 0.16945428]
./img/128/sponge/00684.png,684,"(128, 128)",sponge,./emb/128/hilbert\sponge\00684.npy,hilbert,3,1,012 021 102 120 201 210 ,[0.20937614 0.14827249 0.14888292 0.14894396 0.14949335 0.19503113]
./img/128/sponge/00685.png,685,"(128, 128)",sponge,./emb/128/hilbert\sponge\00685.npy,hilbert,3,1,012 021 102 120 201 210 ,[0.22933708 0.14644122 0.14363326 0.14937126 0.14650226 0.18471493]
./img/128/sponge/00686.png,686,"(128, 128)",sponge,./emb/128/hilbert\sponge\00686.npy,hilbert,3,1,012 021 102 120 201 210 ,[0.23159565 0.14485411 0.14503724 0.14827249 0.14851666 0.18172384]
./img/128/sponge/00687.png,687,"(128, 128)",sponge,./emb/128/hilbert\sponge\00687.npy,hilbert,3,1,012 021 102 120 201 210 ,[0.22024173 0.14430472 0.14314492 0.14760103 0.14644122 0.19826639]
./img/128/sponge/00688.png,688,"(128, 128)",sponge,./emb/128/hilbert\sponge\00688.npy,hilbert,3,1,012 021 102 120 201 210 ,[0.22823831 0.14491515 0.14668539 0.1498596  0.15169088 0.17861067]
./img/128/sponge/00689.png,689,"(128, 128)",sponge,./emb/128/hilbert\sponge\00689.npy,hilbert,3,1,012 021 102 120 201 210 ,[0.22231718 0.14674643 0.14625809 0.14564766 0.14509828 0.19393236]
./img/128/sponge/00690.png,690,"(128, 128)",sponge,./emb/128/hilbert\sponge\00690.npy,hilbert,3,1,012 021 102 120 201 210 ,[0.21670126 0.14876084 0.14479307 0.14863875 0.14460994 0.19649615]
./img/128/sponge/00691.png,691,"(128, 128)",sponge,./emb/128/hilbert\sponge\00691.npy,hilbert,3,1,012 021 102 120 201 210 ,[0.22597973 0.14894396 0.1469906  0.1494323  0.14753998 0.18111342]
./img/128/sponge/00692.png,692,"(128, 128)",sponge,./emb/128/hilbert\sponge\00692.npy,hilbert,3,1,012 021 102 120 201 210 ,[0.23501404 0.14668539 0.14332804 0.15626908 0.15291173 0.16579172]
./img/128/sponge/00693.png,693,"(128, 128)",sponge,./emb/128/hilbert\sponge\00693.npy,hilbert,3,1,012 021 102 120 201 210 ,[0.21377121 0.14961543 0.1469906  0.14888292 0.14625809 0.19448175]
./img/128/sponge/00694.png,694,"(128, 128)",sponge,./emb/128/hilbert\sponge\00694.npy,hilbert,3,1,012 021 102 120 201 210 ,[0.2353803  0.14503724 0.14381638 0.14723477 0.14607496 0.18245635]
./img/128/sponge/00695.png,695,"(128, 128)",sponge,./emb/128/hilbert\sponge\00695.npy,hilbert,3,1,012 021 102 120 201 210 ,[0.2316567  0.14479307 0.14442681 0.14644122 0.14601392 0.18666829]
./img/128/sponge/00696.png,696,"(128, 128)",sponge,./emb/128/hilbert\sponge\00696.npy,hilbert,3,1,012 021 102 120 201 210 ,[0.21517519 0.14607496 0.14467098 0.14668539 0.14522036 0.20217312]
./img/128/sponge/00697.png,697,"(128, 128)",sponge,./emb/128/hilbert\sponge\00697.npy,hilbert,3,1,012 021 102 120 201 210 ,[0.22726163 0.14723477 0.14576975 0.14796728 0.1465633  0.18520327]
./img/128/sponge/00698.png,698,"(128, 128)",sponge,./emb/128/hilbert\sponge\00698.npy,hilbert,3,1,012 021 102 120 201 210 ,[0.22219509 0.14265657 0.14766207 0.14497619 0.15004273 0.19246734]
./img/128/sponge/00699.png,699,"(128, 128)",sponge,./emb/128/hilbert\sponge\00699.npy,hilbert,3,1,012 021 102 120 201 210 ,[0.22268343 0.14460994 0.14509828 0.14522036 0.14576975 0.19661824]
./img/128/sponge/00700.png,700,"(128, 128)",sponge,./emb/128/hilbert\sponge\00700.npy,hilbert,3,1,012 021 102 120 201 210 ,[0.23141253 0.14576975 0.14351117 0.1515688  0.14924918 0.17848859]
./img/128/sponge/00701.png,701,"(128, 128)",sponge,./emb/128/hilbert\sponge\00701.npy,hilbert,3,1,012 021 102 120 201 210 ,[0.23055793 0.14821145 0.14717373 0.14992064 0.14888292 0.17525333]
./img/128/sponge/00702.png,702,"(128, 128)",sponge,./emb/128/hilbert\sponge\00702.npy,hilbert,3,1,012 021 102 120 201 210 ,[0.21731168 0.14467098 0.14552558 0.14912709 0.14998169 0.19338298]
./img/128/sponge/00703.png,703,"(128, 128)",sponge,./emb/128/hilbert\sponge\00703.npy,hilbert,3,1,012 021 102 120 201 210 ,[0.23629593 0.14448785 0.14277866 0.14869979 0.1469906  0.18074716]
./img/128/sponge/00704.png,704,"(128, 128)",sponge,./emb/128/hilbert\sponge\00704.npy,hilbert,3,1,012 021 102 120 201 210 ,[0.2283604  0.14088634 0.14491515 0.14845562 0.15248443 0.18489806]
./img/128/sponge/00705.png,705,"(128, 128)",sponge,./emb/128/hilbert\sponge\00705.npy,hilbert,3,1,012 021 102 120 201 210 ,[0.21749481 0.14576975 0.14644122 0.146136   0.14680747 0.19735075]
./img/128/sponge/00706.png,706,"(128, 128)",sponge,./emb/128/hilbert\sponge\00706.npy,hilbert,3,1,012 021 102 120 201 210 ,[0.22823831 0.14546453 0.14674643 0.14992064 0.15120254 0.17842754]
./img/128/sponge/00707.png,707,"(128, 128)",sponge,./emb/128/hilbert\sponge\00707.npy,hilbert,3,1,012 021 102 120 201 210 ,[0.22726163 0.13899402 0.14302283 0.14564766 0.14967647 0.19539739]
./img/128/sponge/00708.png,708,"(128, 128)",sponge,./emb/128/hilbert\sponge\00708.npy,hilbert,3,1,012 021 102 120 201 210 ,[0.21505311 0.14485411 0.14564766 0.14906605 0.14992064 0.19545843]
./img/128/sponge/00709.png,709,"(128, 128)",sponge,./emb/128/hilbert\sponge\00709.npy,hilbert,3,1,012 021 102 120 201 210 ,[0.23129044 0.14448785 0.14686851 0.1494323  0.15181297 0.17610792]
./img/128/sponge/00710.png,710,"(128, 128)",sponge,./emb/128/hilbert\sponge\00710.npy,hilbert,3,1,012 021 102 120 201 210 ,[0.24435356 0.14076425 0.13972653 0.15205714 0.15101941 0.17207911]
./img/128/sponge/00711.png,711,"(128, 128)",sponge,./emb/128/hilbert\sponge\00711.npy,hilbert,3,1,012 021 102 120 201 210 ,[0.2159077  0.14662434 0.14589183 0.14815041 0.1474179  0.19600781]
./img/128/sponge/00712.png,712,"(128, 128)",sponge,./emb/128/hilbert\sponge\00712.npy,hilbert,3,1,012 021 102 120 201 210 ,[0.23678428 0.14808937 0.1474179  0.14973752 0.14912709 0.16884385]
./img/128/sponge/00713.png,713,"(128, 128)",sponge,./emb/128/hilbert\sponge\00713.npy,hilbert,3,1,012 021 102 120 201 210 ,[0.23031376 0.14277866 0.14485411 0.1469906  0.14906605 0.18599683]
./img/128/sponge/00714.png,714,"(128, 128)",sponge,./emb/128/hilbert\sponge\00714.npy,hilbert,3,1,012 021 102 120 201 210 ,[0.21664021 0.14686851 0.14863875 0.14552558 0.14729581 0.19503113]
./img/128/sponge/00715.png,715,"(128, 128)",sponge,./emb/128/hilbert\sponge\00715.npy,hilbert,3,1,012 021 102 120 201 210 ,[0.23434257 0.14705164 0.14351117 0.15608595 0.15254548 0.16646319]
./img/128/sponge/00716.png,716,"(128, 128)",sponge,./emb/128/hilbert\sponge\00716.npy,hilbert,3,1,012 021 102 120 201 210 ,[0.22042486 0.14894396 0.14638017 0.15144671 0.14882188 0.18398242]
./img/128/sponge/00717.png,717,"(128, 128)",sponge,./emb/128/hilbert\sponge\00717.npy,hilbert,3,1,012 021 102 120 201 210 ,[0.22024173 0.14522036 0.14631913 0.14808937 0.14918813 0.19094128]
./img/128/sponge/00718.png,718,"(128, 128)",sponge,./emb/128/hilbert\sponge\00718.npy,hilbert,3,1,012 021 102 120 201 210 ,[0.23415944 0.14491515 0.14973752 0.14808937 0.15291173 0.17018679]
./img/128/sponge/00719.png,719,"(128, 128)",sponge,./emb/128/hilbert\sponge\00719.npy,hilbert,3,1,012 021 102 120 201 210 ,[0.23934806 0.14747894 0.14583079 0.15175192 0.15010377 0.16548651]
./img/128/sponge/00720.png,720,"(128, 128)",sponge,./emb/128/hilbert\sponge\00720.npy,hilbert,3,1,012 021 102 120 201 210 ,[0.21090221 0.14949335 0.14796728 0.15047003 0.14894396 0.19222317]
./img/128/sponge/00721.png,721,"(128, 128)",sponge,./emb/128/hilbert\sponge\00721.npy,hilbert,3,1,012 021 102 120 201 210 ,[0.23507508 0.14192406 0.15126358 0.14918813 0.15852765 0.16402149]
./img/128/sponge/00722.png,722,"(128, 128)",sponge,./emb/128/hilbert\sponge\00722.npy,hilbert,3,1,012 021 102 120 201 210 ,[0.22952021 0.14180198 0.14918813 0.14790624 0.15535344 0.17623001]
./img/128/sponge/00723.png,723,"(128, 128)",sponge,./emb/128/hilbert\sponge\00723.npy,hilbert,3,1,012 021 102 120 201 210 ,[0.20669027 0.15034794 0.1515688  0.14979856 0.15095837 0.19063606]
./img/128/sponge/00724.png,724,"(128, 128)",sponge,./emb/128/hilbert\sponge\00724.npy,hilbert,3,1,012 021 102 120 201 210 ,[0.22970333 0.14876084 0.15193505 0.14900501 0.15224026 0.16835551]
./img/128/sponge/00725.png,725,"(128, 128)",sponge,./emb/128/hilbert\sponge\00725.npy,hilbert,3,1,012 021 102 120 201 210 ,[0.21908192 0.14491515 0.14589183 0.15126358 0.15230131 0.18654621]
./img/128/sponge/00726.png,726,"(128, 128)",sponge,./emb/128/hilbert\sponge\00726.npy,hilbert,3,1,012 021 102 120 201 210 ,[0.20534733 0.15120254 0.15431571 0.14668539 0.14973752 0.19271151]
./img/128/sponge/00727.png,727,"(128, 128)",sponge,./emb/128/hilbert\sponge\00727.npy,hilbert,3,1,012 021 102 120 201 210 ,[0.23196191 0.14717373 0.14955439 0.15004273 0.15248443 0.16878281]
./img/128/sponge/00728.png,728,"(128, 128)",sponge,./emb/128/hilbert\sponge\00728.npy,hilbert,3,1,012 021 102 120 201 210 ,[0.24960322 0.13929923 0.14247345 0.15181297 0.15498718 0.16182395]
./img/128/sponge/00729.png,729,"(128, 128)",sponge,./emb/128/hilbert\sponge\00729.npy,hilbert,3,1,012 021 102 120 201 210 ,[0.20662923 0.14973752 0.15065316 0.1544378  0.15541448 0.18312782]
./img/128/styrofoam/00730.png,730,"(128, 128)",styrofoam,./emb/128/hilbert\styrofoam\00730.npy,hilbert,3,1,012 021 102 120 201 210 ,[0.29941399 0.12110853 0.11915517 0.13972653 0.13783421 0.18276157]
./img/128/styrofoam/00731.png,731,"(128, 128)",styrofoam,./emb/128/hilbert\styrofoam\00731.npy,hilbert,3,1,012 021 102 120 201 210 ,[0.28732755 0.12586986 0.12660237 0.13478208 0.13545355 0.1899646 ]
./img/128/styrofoam/00732.png,732,"(128, 128)",styrofoam,./emb/128/hilbert\styrofoam\00732.npy,hilbert,3,1,012 021 102 120 201 210 ,[0.27102918 0.12525943 0.12104749 0.13508729 0.13087535 0.21670126]
./img/128/styrofoam/00733.png,733,"(128, 128)",styrofoam,./emb/128/hilbert\styrofoam\00733.npy,hilbert,3,1,012 021 102 120 201 210 ,[0.22634599 0.14815041 0.1478452  0.1441216  0.14375534 0.18978147]
./img/128/styrofoam/00734.png,734,"(128, 128)",styrofoam,./emb/128/hilbert\styrofoam\00734.npy,hilbert,3,1,012 021 102 120 201 210 ,[0.21694543 0.14790624 0.14601392 0.15236235 0.15053107 0.186241  ]
./img/128/styrofoam/00735.png,735,"(128, 128)",styrofoam,./emb/128/hilbert\styrofoam\00735.npy,hilbert,3,1,012 021 102 120 201 210 ,[0.20748382 0.15144671 0.14949335 0.14576975 0.14387743 0.20192895]
./img/128/styrofoam/00736.png,736,"(128, 128)",styrofoam,./emb/128/hilbert\styrofoam\00736.npy,hilbert,3,1,012 021 102 120 201 210 ,[0.29422537 0.12251251 0.11927726 0.14021487 0.13697961 0.18679038]
./img/128/styrofoam/00737.png,737,"(128, 128)",styrofoam,./emb/128/hilbert\styrofoam\00737.npy,hilbert,3,1,012 021 102 120 201 210 ,[0.30283238 0.12086436 0.12068124 0.13874985 0.13856672 0.17830546]
./img/128/styrofoam/00738.png,738,"(128, 128)",styrofoam,./emb/128/hilbert\styrofoam\00738.npy,hilbert,3,1,012 021 102 120 201 210 ,[0.27298254 0.12251251 0.1226346  0.13264559 0.13276767 0.21645709]
./img/128/styrofoam/00739.png,739,"(128, 128)",styrofoam,./emb/128/hilbert\styrofoam\00739.npy,hilbert,3,1,012 021 102 120 201 210 ,[0.2171896  0.14882188 0.14723477 0.15559761 0.15407154 0.17708461]
./img/128/styrofoam/00740.png,740,"(128, 128)",styrofoam,./emb/128/hilbert\styrofoam\00740.npy,hilbert,3,1,012 021 102 120 201 210 ,[0.21139055 0.14931022 0.15010377 0.15260652 0.15333903 0.18324991]
./img/128/styrofoam/00741.png,741,"(128, 128)",styrofoam,./emb/128/hilbert\styrofoam\00741.npy,hilbert,3,1,012 021 102 120 201 210 ,[0.20699548 0.15150775 0.14912709 0.14998169 0.14753998 0.194848  ]
./img/128/styrofoam/00742.png,742,"(128, 128)",styrofoam,./emb/128/hilbert\styrofoam\00742.npy,hilbert,3,1,012 021 102 120 201 210 ,[0.21102429 0.15254548 0.15150775 0.15132462 0.1502869  0.18331095]
./img/128/styrofoam/00743.png,743,"(128, 128)",styrofoam,./emb/128/hilbert\styrofoam\00743.npy,hilbert,3,1,012 021 102 120 201 210 ,[0.19912099 0.15529239 0.15303382 0.15407154 0.15181297 0.18666829]
./img/128/styrofoam/00744.png,744,"(128, 128)",styrofoam,./emb/128/hilbert\styrofoam\00744.npy,hilbert,3,1,012 021 102 120 201 210 ,[0.194848   0.15608595 0.15211818 0.1573068  0.15340007 0.186241  ]
./img/128/styrofoam/00745.png,745,"(128, 128)",styrofoam,./emb/128/hilbert\styrofoam\00745.npy,hilbert,3,1,012 021 102 120 201 210 ,[0.21712856 0.14961543 0.14631913 0.15144671 0.14815041 0.18733976]
./img/128/styrofoam/00746.png,746,"(128, 128)",styrofoam,./emb/128/hilbert\styrofoam\00746.npy,hilbert,3,1,012 021 102 120 201 210 ,[0.22445367 0.14583079 0.14338909 0.15059211 0.14821145 0.18752289]
./img/128/styrofoam/00747.png,747,"(128, 128)",styrofoam,./emb/128/hilbert\styrofoam\00747.npy,hilbert,3,1,012 021 102 120 201 210 ,[0.21224515 0.14509828 0.14460994 0.1507142  0.1502869  0.19704554]
./img/128/styrofoam/00748.png,748,"(128, 128)",styrofoam,./emb/128/hilbert\styrofoam\00748.npy,hilbert,3,1,012 021 102 120 201 210 ,[0.1961299  0.16127457 0.15803931 0.15706263 0.15388841 0.17360518]
./img/128/styrofoam/00749.png,749,"(128, 128)",styrofoam,./emb/128/hilbert\styrofoam\00749.npy,hilbert,3,1,012 021 102 120 201 210 ,[0.19429862 0.15669637 0.15950433 0.15864974 0.1614577  0.16939324]
./img/128/styrofoam/00750.png,750,"(128, 128)",styrofoam,./emb/128/hilbert\styrofoam\00750.npy,hilbert,3,1,012 021 102 120 201 210 ,[0.18959834 0.15602491 0.15633012 0.15828348 0.15858869 0.18117446]
./img/128/styrofoam/00751.png,751,"(128, 128)",styrofoam,./emb/128/hilbert\styrofoam\00751.npy,hilbert,3,1,012 021 102 120 201 210 ,[0.1924063  0.15913808 0.15852765 0.161885   0.16127457 0.1667684 ]
./img/128/styrofoam/00752.png,752,"(128, 128)",styrofoam,./emb/128/hilbert\styrofoam\00752.npy,hilbert,3,1,012 021 102 120 201 210 ,[0.19472592 0.15950433 0.15797827 0.15852765 0.15700159 0.17226224]
./img/128/styrofoam/00753.png,753,"(128, 128)",styrofoam,./emb/128/hilbert\styrofoam\00753.npy,hilbert,3,1,012 021 102 120 201 210 ,[0.18587474 0.16090831 0.15748993 0.15938225 0.15590282 0.18044195]
./img/128/styrofoam/00754.png,754,"(128, 128)",styrofoam,./emb/128/hilbert\styrofoam\00754.npy,hilbert,3,1,012 021 102 120 201 210 ,[0.19887682 0.15791723 0.15340007 0.161885   0.15736784 0.17055305]
./img/128/styrofoam/00755.png,755,"(128, 128)",styrofoam,./emb/128/hilbert\styrofoam\00755.npy,hilbert,3,1,012 021 102 120 201 210 ,[0.19674032 0.15755097 0.15987059 0.15504822 0.15736784 0.17342205]
./img/128/styrofoam/00756.png,756,"(128, 128)",styrofoam,./emb/128/hilbert\styrofoam\00756.npy,hilbert,3,1,012 021 102 120 201 210 ,[0.19130753 0.15791723 0.15785618 0.15394946 0.15394946 0.18502014]
./img/128/styrofoam/00757.png,757,"(128, 128)",styrofoam,./emb/128/hilbert\styrofoam\00757.npy,hilbert,3,1,012 021 102 120 201 210 ,[0.19997558 0.15596386 0.15480405 0.15987059 0.15864974 0.17073617]
./img/128/styrofoam/00758.png,758,"(128, 128)",styrofoam,./emb/128/hilbert\styrofoam\00758.npy,hilbert,3,1,012 021 102 120 201 210 ,[0.1965572  0.15883287 0.15541448 0.16194604 0.15858869 0.16866073]
./img/128/styrofoam/00759.png,759,"(128, 128)",styrofoam,./emb/128/hilbert\styrofoam\00759.npy,hilbert,3,1,012 021 102 120 201 210 ,[0.18447076 0.16151874 0.16011476 0.16084727 0.15950433 0.17354413]
./img/128/styrofoam/00760.png,760,"(128, 128)",styrofoam,./emb/128/hilbert\styrofoam\00760.npy,hilbert,3,1,012 021 102 120 201 210 ,[0.1998535  0.1597485  0.15663533 0.16530338 0.16225125 0.15620803]
./img/128/styrofoam/00761.png,761,"(128, 128)",styrofoam,./emb/128/hilbert\styrofoam\00761.npy,hilbert,3,1,012 021 102 120 201 210 ,[0.19142962 0.15938225 0.15864974 0.16121353 0.16048102 0.16884385]
./img/128/styrofoam/00762.png,762,"(128, 128)",styrofoam,./emb/128/hilbert\styrofoam\00762.npy,hilbert,3,1,012 021 102 120 201 210 ,[0.18465389 0.15907704 0.16096936 0.15980955 0.16164083 0.17384935]
./img/128/styrofoam/00763.png,763,"(128, 128)",styrofoam,./emb/128/hilbert\styrofoam\00763.npy,hilbert,3,1,012 021 102 120 201 210 ,[0.20308876 0.15584178 0.15480405 0.16005372 0.15895495 0.16725675]
./img/128/styrofoam/00764.png,764,"(128, 128)",styrofoam,./emb/128/hilbert\styrofoam\00764.npy,hilbert,3,1,012 021 102 120 201 210 ,[0.20321084 0.15712367 0.15120254 0.16273959 0.1568795  0.16884385]
./img/128/styrofoam/00765.png,765,"(128, 128)",styrofoam,./emb/128/hilbert\styrofoam\00765.npy,hilbert,3,1,012 021 102 120 201 210 ,[0.19429862 0.15565865 0.15407154 0.15968746 0.15810035 0.17818337]
./img/128/styrofoam/00766.png,766,"(128, 128)",styrofoam,./emb/128/hilbert\styrofoam\00766.npy,hilbert,3,1,012 021 102 120 201 210 ,[0.20540838 0.15748993 0.15498718 0.15993163 0.15736784 0.16481504]
./img/128/styrofoam/00767.png,767,"(128, 128)",styrofoam,./emb/128/hilbert\styrofoam\00767.npy,hilbert,3,1,012 021 102 120 201 210 ,[0.19594677 0.15956538 0.15907704 0.15889391 0.15840557 0.16811134]
./img/128/styrofoam/00768.png,768,"(128, 128)",styrofoam,./emb/128/hilbert\styrofoam\00768.npy,hilbert,3,1,012 021 102 120 201 210 ,[0.18556953 0.16621902 0.16127457 0.16084727 0.15596386 0.17012575]
./img/128/styrofoam/00769.png,769,"(128, 128)",styrofoam,./emb/128/hilbert\styrofoam\00769.npy,hilbert,3,1,012 021 102 120 201 210 ,[0.20583567 0.15633012 0.15840557 0.15913808 0.16121353 0.15907704]
./img/128/styrofoam/00770.png,770,"(128, 128)",styrofoam,./emb/128/hilbert\styrofoam\00770.npy,hilbert,3,1,012 021 102 120 201 210 ,[0.20180686 0.15785618 0.15376633 0.16139665 0.15736784 0.16780613]
./img/128/styrofoam/00771.png,771,"(128, 128)",styrofoam,./emb/128/hilbert\styrofoam\00771.npy,hilbert,3,1,012 021 102 120 201 210 ,[0.19100232 0.15779514 0.16011476 0.15895495 0.16127457 0.17085826]
./img/128/styrofoam/00772.png,772,"(128, 128)",styrofoam,./emb/128/hilbert\styrofoam\00772.npy,hilbert,3,1,012 021 102 120 201 210 ,[0.19588573 0.15779514 0.15779514 0.15956538 0.15956538 0.16939324]
./img/128/styrofoam/00773.png,773,"(128, 128)",styrofoam,./emb/128/hilbert\styrofoam\00773.npy,hilbert,3,1,012 021 102 120 201 210 ,[0.20040288 0.15956538 0.15608595 0.16164083 0.1581614  0.16414357]
./img/128/styrofoam/00774.png,774,"(128, 128)",styrofoam,./emb/128/hilbert\styrofoam\00774.npy,hilbert,3,1,012 021 102 120 201 210 ,[0.19356611 0.15425467 0.15309486 0.15999267 0.15889391 0.18019778]
./img/128/styrofoam/00775.png,775,"(128, 128)",styrofoam,./emb/128/hilbert\styrofoam\00775.npy,hilbert,3,1,012 021 102 120 201 210 ,[0.20540838 0.15718471 0.15370529 0.15968746 0.15614699 0.16786717]
./img/128/styrofoam/00776.png,776,"(128, 128)",styrofoam,./emb/128/hilbert\styrofoam\00776.npy,hilbert,3,1,012 021 102 120 201 210 ,[0.20406544 0.15791723 0.15712367 0.15895495 0.15810035 0.16383836]
./img/128/styrofoam/00777.png,777,"(128, 128)",styrofoam,./emb/128/hilbert\styrofoam\00777.npy,hilbert,3,1,012 021 102 120 201 210 ,[0.18776706 0.15987059 0.1564522  0.16182395 0.15840557 0.17568063]
./img/128/styrofoam/00778.png,778,"(128, 128)",styrofoam,./emb/128/hilbert\styrofoam\00778.npy,hilbert,3,1,012 021 102 120 201 210 ,[0.21126847 0.1601758  0.15388841 0.16359419 0.15736784 0.15370529]
./img/128/styrofoam/00779.png,779,"(128, 128)",styrofoam,./emb/128/hilbert\styrofoam\00779.npy,hilbert,3,1,012 021 102 120 201 210 ,[0.20211207 0.15388841 0.15584178 0.15761201 0.15962642 0.1709193 ]
./img/128/styrofoam/00780.png,780,"(128, 128)",styrofoam,./emb/128/hilbert\styrofoam\00780.npy,hilbert,3,1,012 021 102 120 201 210 ,[0.19002564 0.1606031  0.15547552 0.16792821 0.16273959 0.16322793]
./img/128/styrofoam/00781.png,781,"(128, 128)",styrofoam,./emb/128/hilbert\styrofoam\00781.npy,hilbert,3,1,012 021 102 120 201 210 ,[0.19710658 0.15742889 0.15968746 0.15852765 0.16084727 0.16640215]
./img/128/styrofoam/00782.png,782,"(128, 128)",styrofoam,./emb/128/hilbert\styrofoam\00782.npy,hilbert,3,1,012 021 102 120 201 210 ,[0.20632401 0.1577341  0.15541448 0.15871078 0.1564522  0.16536442]
./img/128/styrofoam/00783.png,783,"(128, 128)",styrofoam,./emb/128/hilbert\styrofoam\00783.npy,hilbert,3,1,012 021 102 120 201 210 ,[0.19393236 0.15681846 0.15413258 0.16615798 0.1634721  0.16548651]
./img/128/styrofoam/00784.png,784,"(128, 128)",styrofoam,./emb/128/hilbert\styrofoam\00784.npy,hilbert,3,1,012 021 102 120 201 210 ,[0.21340496 0.15510927 0.15340007 0.16212917 0.16048102 0.15547552]
./img/128/styrofoam/00785.png,785,"(128, 128)",styrofoam,./emb/128/hilbert\styrofoam\00785.npy,hilbert,3,1,012 021 102 120 201 210 ,[0.21023074 0.1535832  0.15565865 0.15810035 0.1601758  0.16225125]
./img/128/styrofoam/00786.png,786,"(128, 128)",styrofoam,./emb/128/hilbert\styrofoam\00786.npy,hilbert,3,1,012 021 102 120 201 210 ,[0.19643511 0.15803931 0.15675742 0.1606031  0.15926016 0.1689049 ]
./img/128/styrofoam/00787.png,787,"(128, 128)",styrofoam,./emb/128/hilbert\styrofoam\00787.npy,hilbert,3,1,012 021 102 120 201 210 ,[0.21145159 0.15810035 0.15547552 0.16054206 0.15791723 0.15651325]
./img/128/styrofoam/00788.png,788,"(128, 128)",styrofoam,./emb/128/hilbert\styrofoam\00788.npy,hilbert,3,1,012 021 102 120 201 210 ,[0.20955927 0.15712367 0.15394946 0.15944329 0.15620803 0.16371627]
./img/128/styrofoam/00789.png,789,"(128, 128)",styrofoam,./emb/128/hilbert\styrofoam\00789.npy,hilbert,3,1,012 021 102 120 201 210 ,[0.19228421 0.15950433 0.15968746 0.15871078 0.15895495 0.17085826]
./img/128/styrofoam/00790.png,790,"(128, 128)",styrofoam,./emb/128/hilbert\styrofoam\00790.npy,hilbert,3,1,012 021 102 120 201 210 ,[0.21395434 0.15529239 0.15083628 0.1606031  0.15608595 0.16322793]
./img/128/styrofoam/00791.png,791,"(128, 128)",styrofoam,./emb/128/hilbert\styrofoam\00791.npy,hilbert,3,1,012 021 102 120 201 210 ,[0.2040044  0.15999267 0.15431571 0.15950433 0.15382737 0.16835551]
./img/128/styrofoam/00792.png,792,"(128, 128)",styrofoam,./emb/128/hilbert\styrofoam\00792.npy,hilbert,3,1,012 021 102 120 201 210 ,[0.19454279 0.15987059 0.15675742 0.15858869 0.15541448 0.17482603]
./img/128/styrofoam/00793.png,793,"(128, 128)",styrofoam,./emb/128/hilbert\styrofoam\00793.npy,hilbert,3,1,012 021 102 120 201 210 ,[0.21444268 0.15724576 0.15120254 0.16322793 0.15718471 0.15669637]
./img/128/styrofoam/00794.png,794,"(128, 128)",styrofoam,./emb/128/hilbert\styrofoam\00794.npy,hilbert,3,1,012 021 102 120 201 210 ,[0.21566353 0.15657429 0.15181297 0.16170187 0.15694054 0.1573068 ]
./img/128/styrofoam/00795.png,795,"(128, 128)",styrofoam,./emb/128/hilbert\styrofoam\00795.npy,hilbert,3,1,012 021 102 120 201 210 ,[0.18703455 0.1643267  0.16115248 0.16304481 0.15987059 0.16457087]
./img/128/styrofoam/00796.png,796,"(128, 128)",styrofoam,./emb/128/hilbert\styrofoam\00796.npy,hilbert,3,1,012 021 102 120 201 210 ,[0.21023074 0.16029789 0.15852765 0.15889391 0.15718471 0.1548651 ]
./img/128/styrofoam/00797.png,797,"(128, 128)",styrofoam,./emb/128/hilbert\styrofoam\00797.npy,hilbert,3,1,012 021 102 120 201 210 ,[0.20479795 0.15657429 0.15431571 0.16261751 0.16035893 0.16133561]
./img/128/styrofoam/00798.png,798,"(128, 128)",styrofoam,./emb/128/hilbert\styrofoam\00798.npy,hilbert,3,1,012 021 102 120 201 210 ,[0.19313881 0.15987059 0.15938225 0.16090831 0.16048102 0.16621902]
./img/128/styrofoam/00799.png,799,"(128, 128)",styrofoam,./emb/128/hilbert\styrofoam\00799.npy,hilbert,3,1,012 021 102 120 201 210 ,[0.20363814 0.15919912 0.1568795  0.16261751 0.16023685 0.15742889]
./img/128/styrofoam/00800.png,800,"(128, 128)",styrofoam,./emb/128/hilbert\styrofoam\00800.npy,hilbert,3,1,012 021 102 120 201 210 ,[0.21187889 0.15620803 0.15303382 0.16164083 0.15840557 0.15883287]
./img/128/styrofoam/00801.png,801,"(128, 128)",styrofoam,./emb/128/hilbert\styrofoam\00801.npy,hilbert,3,1,012 021 102 120 201 210 ,[0.19625198 0.15767306 0.1581614  0.16005372 0.16054206 0.16731779]
./img/128/styrofoam/00802.png,802,"(128, 128)",styrofoam,./emb/128/hilbert\styrofoam\00802.npy,hilbert,3,1,012 021 102 120 201 210 ,[0.21468685 0.1581614  0.15327799 0.16109144 0.15626908 0.15651325]
./img/128/styrofoam/00803.png,803,"(128, 128)",styrofoam,./emb/128/hilbert\styrofoam\00803.npy,hilbert,3,1,012 021 102 120 201 210 ,[0.21474789 0.16023685 0.15578073 0.15858869 0.15413258 0.15651325]
./img/128/styrofoam/00804.png,804,"(128, 128)",styrofoam,./emb/128/hilbert\styrofoam\00804.npy,hilbert,3,1,012 021 102 120 201 210 ,[0.19967037 0.15822244 0.15510927 0.16267855 0.15956538 0.164754  ]
./img/128/styrofoam/00805.png,805,"(128, 128)",styrofoam,./emb/128/hilbert\styrofoam\00805.npy,hilbert,3,1,012 021 102 120 201 210 ,[0.21828837 0.15907704 0.15376633 0.15956538 0.15431571 0.15498718]
./img/128/styrofoam/00806.png,806,"(128, 128)",styrofoam,./emb/128/hilbert\styrofoam\00806.npy,hilbert,3,1,012 021 102 120 201 210 ,[0.20669027 0.15999267 0.1577341  0.15932121 0.15700159 0.15926016]
./img/128/styrofoam/00807.png,807,"(128, 128)",styrofoam,./emb/128/hilbert\styrofoam\00807.npy,hilbert,3,1,012 021 102 120 201 210 ,[0.19551947 0.16182395 0.16304481 0.15718471 0.15846661 0.16396044]
./img/128/styrofoam/00808.png,808,"(128, 128)",styrofoam,./emb/128/hilbert\styrofoam\00808.npy,hilbert,3,1,012 021 102 120 201 210 ,[0.21206202 0.15529239 0.15370529 0.16170187 0.16011476 0.15712367]
./img/128/styrofoam/00809.png,809,"(128, 128)",styrofoam,./emb/128/hilbert\styrofoam\00809.npy,hilbert,3,1,012 021 102 120 201 210 ,[0.21334391 0.15785618 0.15309486 0.16182395 0.15712367 0.15675742]
./img/128/styrofoam/00810.png,810,"(128, 128)",styrofoam,./emb/128/hilbert\styrofoam\00810.npy,hilbert,3,1,012 021 102 120 201 210 ,[0.19118545 0.16054206 0.15938225 0.1597485  0.15852765 0.17061409]
